0000000000000000000000002710
0900000000000000070000000003
0300004000000400000000000103
0100000004000000040000000004
031b67b60b000020000000000000
017fffffffffefffff8010000001
0997d703a0efd1bd3a87d1012003
0500000001000000010000000004
0100000001ffffbfff0000400201
0000000000000000010000000103
091cc61ad3902d17e6100412c201
0614e54ea100000002053953a800
0900000010000100000000000003
0300002000fffdffff0000000001
03b01ba34cb01ba34c0000000004
0900000000e406f47b0000000001
0510000000100000000000000004
00c214af4ec214af4e84295e9c04
0700000001000000010000000004
000000000287b87da787b87da901
0880000000ffffdfffffffdfff03
097fffffff001fffff001fffff00
0500000001000000010000000004
01000000081fb884cce0477b3c03
0300000001000000010000000004
020000003fa600253f8000000001
09c32841ad040000000000000002
097faefb56003fffff002efb5600
0866bb996f0000007f66bb997f00
08fffff7ff00200000fffff7ff02
02ffffffff0000ffff8000000002
07fffffffe00000100fffffffe02
01fffffbff20000000dffffbff02
04dfffffff000000030000000002
0300000000000000010000000103
01c8f9700700c8c151c830aeb602
08ffffffffffffbfffffffffff00
0387138fe4ffffffff0000000103
0050d347bb50d347bba1a68f7604
030000001f0000001f0000000004
00fffffbffefffffffeffffbfe00
080000003f6e071d796e071d7f03
03ffffdfffffffdfff0000000004
0700020000000200000002000004
06000000018c658aeb0000000001
04a4900f33a4900f330000000004
0307ffffff07ffffff0000000004
057ffc6d7dffffffdf800392a201
09e525a732ffbfffffe525a73203
02adfb9bf700010000adfb9bf702
045f48d6c9fffffeff0000000101
0838ec7ad67fffffff7fffffff03
001f50e9451f50e9453ea1d28a04
09020000009f90ea2d0200000001
03ffffff7ffffffffe0000000103
07769c0f780000ffff0000000000
04fffffeff9b990b900000000000
02000000809ce281362000000001
09286280fc000100000000000000
0500000001000000010000000004
090000ffff7fffffff0000ffff03
00ffffffff5daa807e5daa807d02
0701fffffffffffdff0000000001
01869006b7fffff7ff86900eb803
01c0be114e00ffffffbfbe114f02
053a0b2210fffffbffc5f4d9ef01
04000007ff064748310000000103
0020000000bfffffffdfffffff01
0080000000000002008000020002
01d2cf2c9c001fffffd2af2c9d02
0800000fff0000000100000fff00
050ffffffffffffffff000000001
0597c8faf40000000097c8faf402
0707ffffffcc35967a0000000101
06dfffffff00000020dfffffff02
01ba1abd2dfeffffffbb1abd2e03
0400100000800000000000000101
000fffffff80e70d1d90e70d1c01
047fffffff7fffffff0000000004
0904000000040000000400000004
090001ffff7fffffff0001ffff03
080fffffffc9996f31cfffffff01
0600000000892c23480000000001
0400000000d2f8a0340000000101
0733a202ca7fffffff0000000003
0780000000800000008000000004
0480000000ffffffff0000000103
08749eb3c0749eb3c0749eb3c004
0325cc44f303ffffff0000000000
0500000001000000000000000100
08000000017fffffff7fffffff03
010000000004000000fc00000003
0882e7694e82e7694e82e7694e04
0777c2c5902426e47100003be100
098dfe8dbbf7ffffff85fe8dbb03
030000007f7fffffff0000000103
06f6c1f43000000000f6c1f43002
053e61ff92001000003e71ff9200
0396dd662f96dd662f0000000004
078ab32a71800000008ab32a7100
040000007f0000007f0000000004
0900001000f7ffffff0000100001
07c08133157fffffffffffffff02
06fffff7fffffff7ff0000000104
0600040000601a247a0000000003
010000040000200000ffe0040003
02fffffffea4f3188effff800000
01fff7ffff007fffffff78000002
080000000100001fff00001fff03
0788ed21aa88ed21aaffe23b4804
0700000000010000000000000003
030000000fd604e4060000000001
04fffefffffffeffff0000000004
0080000000008000008080000002
05b39c500b00200000b3bc500b02
08f7ffffffe5068c5bf7ffffff00
0701ffffffa158dbff0000000001
09ffbfffffffbfffffffbfffff04
06fbe14e6e5197d795000007df02
07ffefffffc6e7589cffffffff00
06cd93bf0e0007ffff0000000102
090fffffff2dcd62590dcd625903
0300000020000000030000000000
07000200000007ffff0000000003
053dba5cff073738db3a8d642400
0400000007000000000000000000
069dcaaa8bffffffff0000000103
01000007fffffffeff0000090001
0500003ffff4f80fe5f4f8301a01
05a064469300003fffa064796c02
09800000006a8e0ee80000000002
07ffefffff96855c28ffffefff00
03ffffffff000000010000000102
03fff7ffffffefffff0000000000
04007fffffd49bfcb70000000101
040000020090142ca00000000101
090000000f00ffffff0000000f03
0800400000ffffffffffffffff01
043e2a14293e2a14290000000004
00d522e45a00800000d5a2e45a02
0580000000fffffff77ffffff703
01000ffffff7ffffff0810000001
057fffffff0b75a627748a59d800
0801000000ffffffffffffffff01
0700040000000400000004000004
09fffbffff7fffffff7ffbffff02
0022f11d320000000022f11d3200
03dfffffff4dcf72d60000000102
057fffffff000000007fffffff00
05fffffdffd504fc6d2afb019200
02fffffbfffffffbff8000000004
04c936d0a1fdffffff0000000103
08d8bb0653d8bb0653d8bb065304
09fff7fffffff7fffffff7ffff04
04fffff7ff000000010000000002
03fffdffff0001ffff0000000102
060000001f000000010000000f00
07c0fe4d25ffffffffffffffff03
04000007ffc93fdda70000000101
09ffffffffffffffffffffffff04
0524f217ce24f217ce0000000004
030ae0b733100000000000000103
07000000207fffffff0000000003
05fdffffff7fffffff8200000002
05000007ff00000000000007ff00
07ebdf3e0c606dbef6ffffffaf02
02010000007fffffff0000000003
0000080000000800000010000004
02ffffff7fffffffff8000000003
054410f2141132c19f5522338b00
05e03c0d33fffff7ff1fc3facc03
0900ffffff00ffffff00ffffff04
00dfaf1b10fbffffffdbaf1b0f03
0494dfe4e794dfe4e70000000004
0000000001000000010000000204
0500000004000000040000000004
073fffffff3fffffff0000000004
0900000000008000000000000003
0500001000000010000000000004
0700000001000000010000000004
01007fffff000800000077ffff00
0780000000862263bfffffffff03
02ffffffefffffffeffff7800004
0520000000000000002000000000
01ff7fffff829968887ce6977700
00000000003fffffff3fffffff03
0811b079288143696391f3796b01
0167948534679485340000000004
01ffff7fff00000000ffff7fff02
01ffffffff0007fffffff8000002
0959ac975c59ac975c59ac975c04
04ffffffff9c0f1bbd0000000000
0722d7794700000010000022d700
0500000001000000010000000004
04ffffdfff3a3118780000000002
0102000000efffffff1200000101
08c92e9ada7fffffffffffffff02
04271767d800ffffff0000000000
0320000000800000000000000001
0842449ac20400000046449ac200
0004000000003fffff043fffff00
09000003ff000003ff000003ff04
05a5bde450fffffff75a421ba703
09ffffffff7fffffff7fffffff02
03681af364d5637b830000000001
06fffffbff000001ff0000000102
01ffffffff00003fffffffc00002
0300000001ffffffff0000000001
00ffffffff00200000001fffff02
07007fffff00400000007fffff00
04fff7ffff93903d780000000000
013b40c4c7ffffffff3b40c4c801
098000000063d444730000000002
0233f0fc41ffffffbf8000000001
00feffffffc8962d35c7962d3400
00000000407fffffff8000003f03
09d74b2ed5d74b2ed5d74b2ed504
09000000ff000000ff000000ff04
090003ffff00001fff00001fff00
050f348d830800000007348d8300
02d5fecdb1d5fecdb19b62000004
0400010000000004000000000000
027fffffff7fffffff8000000004
09fffffffbfffffffbfffffffb04
0680000000fffbffff0000000103
0400000000000000000000000004
06a40e6498a40e6498000000a404
09ffffffbf000080000000800002
09000004007b3592790000000003
008000000001ffffff81ffffff02
096be058e56be058e56be058e504
0010000000000000011000000100
01000010000000003f00000fc100
0000040000000400000008000004
04ffffffffffbfffff0000000000
06fffffff7ffdfffff0000000100
02ffff7fffffff7fff8000000004
08ffbfffffffbfffffffbfffff04
070fffffff001000000fffffff00
067f6a5ecbdfffffff0000000001
061fee3f8b1fee3f8b0003fdc704
03dcaa4c40efffffff0000000103
091fffffffecbecc970cbecc9701
09ffffff7fffffff7fffffff7f04
0400100000001000000000000004
00ffffff7fd034f749d034f6c800
073fc2beb83fc2beb80000003f04
09b4ac57deb4ac57deb4ac57de04
09000000ffffff7fff000000ff01
0500020000893c3fca893e3fca01
00ea48c885f2999d7edce2660303
01ffffff7fffffff7f0000000004
09f0fd0a33427861a94078002102
030a515f1fffff7fff0000000001
0308000000080000000000000004
040000ffff800000000000000101
070000100003ffffff0000000003
055e99a7bf5e99a7bf0000000004
0315f3709dbfffffff0000000001
067fffffff49ce0a6d0003ffff00
04dd39c23fefffffff0000000103
098f885b06ffefffff8f885b0603
04fffffdff27f970540000000002
0001000000ffffffff00ffffff01
0810000000000003ff100003ff00
0000000000848c8e9b848c8e9b01
06114b508c114b508c000114b504
01ffffbfffa0f6e6e15f08d91e00
0200000001000000010000000204
07ffffdfff1068e50effffffff02
0980000000517851c80000000002
0700007fff00007fff0000000004
0838e5c1c380000000b8e5c1c301
0394eaae5c000000010000000102
00fff7ffffffdfffffffd7fffe00
01fdffffff000ffffffdf0000002
09fffffbffd0c246acd0c242ac00
02ffffdfff80000000ffffdfff00
0700000010010000000000001003
0357e04ac157e04ac10000000004
05ffffffff800000007fffffff00
0100020000fffffff70002000901
078000000007ffffffffffffff02
08fffffeff67bab487fffffeff02
004ea58a01fdffffff4ca58a0001
0400000004e1a37f350000000101
06001fffff00ffffff0000000003
029d68b14afffffbff0000000003
099e04481b9e04481b9e04481b04
0208000000080000000800000004
0400000100000001000000000004
00000000ff02000000020000ff03
0000000100ffffdfffffffe0ff01
04ba610ef845ae11870000000002
00ffffffff00007fff00007ffe02
00fffffffffffffffffffffffe04
097fffffff6e1e7a636e1e7a6300
09fdffffffeee54ba1ece54ba100
025ac3fbf544192993dfa8000000
08ffdffffff4f40826ffffffff00
060ce38d900ce38d9000000ce304
077fffffff000000807fffffff00
0300000001ffffffff0000000001
0800000000000000ff000000ff03
02000000012605a8ed0000200003
06000000017fffffff0000000003
04b9527c1cb9527c1c0000000004
00fffffdfffffffdfffffffbfe04
050000001f000004000000041f03
002a0ae8e2a8a214a3d2acfd8501
09000000017fffffff0000000103
0900000001000000010000000104
05ffffffffffffffff0000000004
03b3c958eeb3c958ee0000000004
0387d1d82a000000010000000102
01ffffefffdfffffff1ffff00000
03fffffffe100000000000000102
09af1c4f144c382ec60c180e0402
08a15aaeefa15aaeefa15aaeef04
04fdfffffffddb5de50000000000
0650aee2ec50aee2ec00050aee04
030007fffffeffffff0000000001
0800000001000000010000000104
050000000093dcb49193dcb49101
04000000001757e7c40000000103
03fffff7ff42b9da860000000102
0604000000000000010200000000
07fffffffbfffffffbffffffff04
0100000003917959956e86a66e01
0500007fff0000001000007fef00
05000007ff7fffffff7ffff80003
090001ffff000000000000000000
0900000800000008000000080004
06787ee665dfffffff0000000001
09d47257f98c2325508422055000
0089fe3c5189fe3c5113fc78a204
0700000007ad9ba81c0000000001
0880000000000100008001000002
092d5a9e782d5a9e782d5a9e7804
040a750314000000000000000000
014b52ed63008000004ad2ed6300
0500000000000000000000000004
046314fba2feffffff0000000101
07200000007fffffff0000000003
06e12cbda09daacf60e12cbda000
04000007ffffffff7f0000000101
0000000000ffffffffffffffff01
09ffbfffff800000008000000000
0500000007000000070000000004
00000000017fffffff8000000003
070a9cb8bc00000001054e5c5e00
04ac6d5cbcfffffdff0000000103
07bdec6c3208000000bdec6c3202
0116e325650000004016e3252500
02929252438a8a5832490c000000
0721da4ecd0000000110ed276600
0111318375000000021131837300
06826123d4ffffff7f0000000103
057fffffff000400007ffbffff00
06b80f9c56b80f9c56000002e004
051e8c88d6b9ac6bc2a720e31401
076c835211ffffffdf0000000001
0377b3699fe34b5e850000000001
05a30d60920000001fa30d608d02
01fefffffffeffffff0000000004
0900000001000000010000000104
0404000000040000000000000004
077fffffff7fffffff0000000004
0807ffffff1fffffff1fffffff03
0500000000007fffff007fffff03
03000000005d9daeb20000000103
0980000000800000008000000004
027fffffff55236633fff8000000
054dfc15524dfc15520000000004
02553252af00000000553252af00
0600020000000200000002000004
0274f35592ffffbfff0000000001
037fffffff000001ff0000000000
020000000167e90ebc1000000003
050001ffffffffffeffffe001001
096eb8c873800000000000000001
02fffffff7fffffff7fb80000004
03000000086e0081870000000103
09ffffffffffffffffffffffff04
0800010000fffffffbfffffffb01
050fffffff0fffffff0000000004
0200000000000000000000000004
05fffffffe2835a9e4d7ca561a02
0607ffffff07ffffff0000000004
00ff7fffffff7ffffffefffffe04
0204000000040000000400000004
02fffffbff00000001fffff7fe02
070003ffffdeb329be0000000001
0200020000000000010004000000
07481f368e70ca5f350000024003
0400008000b85920970000000101
0404000000040000000000000004
020000fffff4ae7895ffe0000001
0900000001ffffffff0000000101
00fffffffffffffffffffffffe04
06ffc212b6fffffff7000001ff03
028f71e3f2027ccb3b9000000002
094854db09000000070000000100
07fff7fffffff7ffffffffffff04
0100008000475f9726b8a0e8da03
021fffffffbde09d1de000000001
0046be9e8a8e2ba603d4ea448d01
092a3828cb2a3828cb2a3828cb04
057fffffff0000ffff7fff000000
05000000807e4f2f2f7e4f2faf03
0300800000008000000000000004
0436f83169ffffffff0000000101
0900000000fffff7ff0000000001
06fffdffff00008000fffdffff02
07fffff7ff07ffffffffffffff02
0000200000ffffffbf001fffbf01
00dcc5a332ae41e5d78b07890900
033de0812b000020000000000000
03000400007fffffff0000000103
04000003ffffffefff0000000101
03fffeffffffffffff0000000103
02b2037fa07fffffff0000000002
05ffffffff0e6b0175f194fe8a02
06ffffffff00040000ffffffff02
03fffffffeffffdfff0000000000
0800000001000000010000000104
0700200000002000000020000004
02038b74cf038b74cfba67800004
0200200000004000000020000003
0580000000800000000000000004
04944848e9944848e90000000004
0500000001fffffffeffffffff01
080100000032c3909733c3909703
08b65bdfdff52b4f46f77bdfdf03
0100008000fdffffff0200800101
0680000000fffffdff0000000103
040f83d2890f83d2890000000004
0600e2cd1400e2cd140000000e04
0200000000fbffffff0000000001
01481ea16fbdeaa9f38a33f77c01
06f7ffffff01000000f7ffffff02
040000001f000000000000000000
0880000000fffbfffffffbffff03
08ffffffff000007ffffffffff02
0894f658a47fffffffffffffff02
09000100007fffffff0001000003
09efffffffefffffffefffffff04
02f129804c21046dafc026000002
06a46e7445a46e7445052373a204
090000001f000400000000000003
0500000004000000040000000004
05fffffdfffffffdff0000000004
04f7d4ada6f7d4ada60000000004
00817288ef817288ef02e511de04
08e2f733f700001fffe2f73fff02
02bd35a028bd35a02835a0280004
09ffffbfffffffbfffffffbfff04
082c194aa403200f6e2f394fee00
0000000003002000000020000303
028488ee84100000008488ee8402
00111be41a47f9d0d75915b4f103
0104000000ffff7fff0400800101
08fffff7ff9a1174b8fffff7ff00
01fafa5045fffffdfffafa524603
086c5d1862000000006c5d186200
017ffffffffffeffff8001000001
057fffffff7fffffff0000000004
08ffffffffffffffffffffffff04
02000000001cc67ac50000000003
085afdd988f838dc28fafddda801
007fffffff7ffffffffffffffe04
0800000000080000000800000003
00efffffffefffffffdffffffe04
04972c5515ffffffff0000000103
0266f42cf0335e48c337a1678000
09ffffffff000800000008000002
070000003f00001fff0000000003
0700001000ffffffff0000000001
07bc89f803ffefffffffffffff03
0300000000000000000000000004
0210000000100000001000000004
097fffffff59900b5759900b5700
08000001ff00000010000001ff00
0103ffffff000003ff03fffc0000
0709ffc3d10000004009ffc3d100
0200ffffff00ffffff8000000004
03000000ffffdfffff0000000001
0000000800000000010000080100
0002000000000400000204000000
06ac39873600000001561cc39b02
056ea3ece53d62c11653c12df300
0500000080000003ff0000037f03
06af1849fc000000040af1849f02
0984ad1061481a7d0b0008100102
08863bd71b00000001863bd71b02
06e022faefffffffef0001c04503
04ffffffffffffffff0000000004
0100000000dbb8d7ee2447281201
00fff7ffffffffdffffff7dffe03
0024c3ef8724c3ef874987df0e04
077fffffff1fffffff0000000000
0901e6b4dc01e6b4dc01e6b4dc04
010003ffff000040000003bfff00
034da85a8a00001fff0000000000
0940000000400000004000000004
07ffffdfffffffdfffffffffff04
04800000000e5c96240000000002
02fffefffffffffeff8000000003
00fe537533000ffffffe63753202
0003ffffffdeebf6aee2ebf6ad01
06000000015bffc69b0000000003
08fe5d7c6eb70e4bb0ff5f7ffe00
097ffffffffffff7ff7ffff7ff01
00000000000000ffff0000ffff03
0680000000800000008000000004
0200000002800000000000000201
07ec225815a3bcb5fcfffffffe00
0900800000008000000080000004
01c70ba6cec70ba6ce0000000004
00fffff7ff7fffffff7ffff7fe02
01fffffffffffffdff0000020000
0807ffffff7fffffff7fffffff03
070fffffff0003ffff0000000000
04080000007fffffff0000000103
0102000000dc0ab31425f54cec01
0050dac7be7fffffffd0dac7bd03
01ffffffffffffffff0000000004
03800000007fffffff0000000102
0600000001367b29920000000003
0118eb113618eb11360000000004
0800000001000000010000000104
08fffefffffffefffffffeffff04
03ffffffdf400000000000000102
0926e2a31626e2a31626e2a31604
04ffffffbfe5a63ba20000000000
041c7626dbffffdfff0000000101
06cba395d229579cf50000065d02
09000003ff000000010000000100
052248dbbfb54825fb9700fe4401
0733946d400000004033946d4000
078000000000003fffffffffff02
060000000ffe02320b0000000001
00003fffffffffffff003ffffe01
03800000005acff0110000000102
09fbc31d67ff7ffffffb431d6703
0200000200000002000000020004
083fffffff000008003fffffff00
06fffdffff2eed48390000007f02
06fdfffffffdffffff0000000104
063c26db403c26db403c26db4004
0400800000000000010000000000
0908000000ffffffff0800000001
0489753874897538740000000004
06ffffffbf80000000ffffffbf00
0100800000008000000000000004
0980000000644d3dd30000000002
07fffeffff00000004ffffefff02
07bfffffff00008000bfffffff02
01e04565a9e04565a90000000004
02000000017420c0550020000003
04591d343b000001ff0000000000
07ffffdfff00000001ffffefff02
02858db34d20000000858db34d02
0700007fff000fffff0000000003
0361da21affffffffb0000000001
04000007ff000000010000000000
0000000000fffffffefffffffe01
0923aedd217fffffff23aedd2103
05ffffffff7fffffff8000000002
04a52dca7ba52dca7b0000000004
0841096e8f0000007f41096eff00
080000003fd025880cd025883f01
050007ffff7fffffff7ff8000003
0000000000ffffffffffffffff01
07e33b014c80000000e33b014c00
018d5894fc8d5894fc0000000004
017fffffffbfffffffc000000001
030000000749819d920000000103
043ab406da000fffff0000000000
0000000800000008000000100004
08fffffff7fffffff7fffffff704
08fffeffff7fffffffffffffff02
03fffff7fffffff7ff0000000004
087ffffffff64d08a0ffffffff01
00feffffff00080000ff07ffff02
0600000001ffffffdf0000000001
01f965704600080000f95d704602
010fffffff78d1797d972e868203
02000010000dad457c0000000003
0400007fff100000000000000103
08ffffffdfffffffffffffffff03
097fffffff7fffffff7fffffff04
023eb5e8f447032dac5e8f400003
01fffefffffffeffff0000000004
0780000000000100008000000002
01de12af2fffdfffffde32af3003
03000000007fffffff0000000103
060003ffffc65884ee0000000f01
0507fffffffffffffff800000001
0800200000002000000020000004
03ffffffffffffffff0000000004
04dffffffffffffdff0000000103
02ba0b428afff7ffff0000000003
06ffffffff00200000ffffffff02
02ffffbfffffffbfff8000000004
01000000003f23ee67c0dc119903
003fffffff7d96ef6abd96ef6903
04c3204a68000000000000000002
0580000000000000038000000302
0800000fffbfa653d9bfa65fff01
03fff7ffff0000000f0000000102
04fffffffefffffffe0000000004
0200000010fff7ffff0000000001
02fffffffdfffffffda000000004
00786e1e43786e1e43f0dc3c8604
09fffffdff0738d5850738d58502
011afcb068007fffff1a7cb06900
057fffffff0001ffff7ffe000000
047fffffffddefbb6e0000000101
010d0fb3c10d0fb3c10000000004
020003ffff3a4718610007fffe03
05870b1912870b19120000000004
0500000000000000200000002003
09fffffdff7fffffff7ffffdff02
09000004001fffffff0000040003
08e545774607ffffffe7ffffff02
048531158b345aa6560000000002
06ffffffdf0000000f0001ffff02
0799966e9599966e95fffffccc04
0969f0377bffffffef69f0376b01
0400800000318866040000000103
0247fbe85a47fbe85a6800000004
01e529805e7189c47d739fbbe102
001aeaf78f007fffff1b6af78e00
002bad59b7000004002bad5db700
0900020000000200000002000004
08fffffdfffffffdfffffffdff04
026ebfdfc06ebfdfc06ebfdfc004
0700007fff00007fff0000000004
00913886e7ffffffdf913886c603
0940000000bea854b10000000001
0011f1c00b11f1c00b23e3801604
04e635d9f80c3414dd0000000002
057fffffff7fffffff0000000004
073787fa273787fa27006f0ff404
0533453fcd29ee392d1aab06e000
03007fffff0bd474c40000000103
05482fd680482fd6800000000004
03fffffffffffffbff0000000000
09003ffffffffdffff003dffff01
0600000001a91151040000000001
0880000000ffffdfffffffdfff03
0400c4449d00c4449d0000000004
06000080000003ffff0000000003
0100000002000000010000000100
0200001fff00001fff8000000004
0600000100000001000000010004
0317055ed5000000000000000000
05a2d04dd0fffeffff5d2eb22f03
03fffeffff972522d20000000000
0100000000fffdffff0002000101
08000003ff00000000000003ff00
077fffffff6398f6421fffffff00
080000000f200000002000000f03
00ff7fffff800000007f7fffff00
0800000000000000000000000004
03cb965ea9fa574aaa0000000103
0500000200000002000000000004
09ffffdfff002000000020000002
0120000000fffeffff2001000101
02fffffefffffffeff8000000004
01ffffffffffffffff0000000004
0300000001fffbffff0000000001
0278c09c9801ffffff0000000000
02ffffffff7fffffff8000000002
08bfffffff4949ac5bffffffff02
010080000008000000f880000003
0341fa08087fffffff0000000103
05000003ff7fffffff7ffffc0003
000040000000007fff00407fff00
08fffbffff00000000fffbffff02
0501000000fc361089fd36108901
09ccb11ab0ccb11ab0ccb11ab004
077fffffff000100007fffffff00
077fffffff148d12e9003fffff00
04fdffffff800000000000000000
076428b9f20000000132145cf900
02a2841b27c7e4fdd01b27000003
0000000020fffffbfffffffc1f01
091e7afc2e1e7afc2e1e7afc2e04
09ffffffffffffffffffffffff04
02ffff7fff00ffffff8000000002
0480000000000000030000000002
084c148ff78ef2588ecef6dfff01
017fffffff7fffffff0000000004
0017f15ebb17f15ebb2fe2bd7604
0700000000000000010000000003
01bd31d598ffff7fffbd32559903
0900000040000000400000004004
00fff7fffffff7ffffffeffffe04
054a3eebee4a3eebee0000000004
0120000000200000000000000004
0702000000003fffff0000000000
070000ffff0000ffff0000000004
030000001fa527df4a0000000001
01ffffff7f000003fffffffb8002
043378c2b42ce89a150000000000
0400100000008000000000000103
000000003fdfffffffe000003e01
07fffffeff0fffffffffffffff02
09fffffffdd22fb08ed22fb08c00
06ffff7fffffff7fff0000000104
09ffdfffffffdfffffffdfffff04
08100000002a78ffcb3a78ffcb03
07dfffffff7fffffffffffffff02
09fffeffff010000000100000002
02ffffffbfffffffbf8000000004
00001fffff001fffff003ffffe04
02948af303d199de6d5e60600003
02683b0d4204000000683b0d4200
067fffffff000000007fffffff00
090001ffff0001ffff0001ffff04
0100004000000040000000000004
08ffffffff59e78c2affffffff02
03fff7fffffff7ffff0000000004
08000003ff000003ff000003ff04
087fffffff0000003f7fffffff00
037fffffff7fffffff0000000004
014cb5dfc94cb5dfc90000000004
03fffffffddd95e59f0000000000
0680000000800000008000000004
0603ffffff8000000003ffffff01
00000000010fffffff1000000003
073e5554f93e5554f90000001f04
0156c86c4080000000d6c86c4001
02000000100000000f0008000000
0140d795ec40d795ec0000000004
070000001f7fffffff0000000003
04c19227cec19227ce0000000004
09ffffffff000200000002000002
005f08e20a18c53cf377ce1efd00
0500000200000002000000000004
0578c743f00000080078c74bf000
08100000006b60eab77b60eab703
007f69fd147f69fd14fed3fa2804
02490645e1490645e1920c8bc204
010003ffff95cf6ffc6a34900301
0200080000000008000008000000
0052415d4852415d48a482ba9004
0100004000000040000000000004
0200000001bfffffff8000000001
00c1d26f4cc1d26f4c83a4de9804
00fffffffffffffffffffffffe04
070000003f0000003f0000000004
0200000000007fffff0000000003
0717a86dfdfffeffff0000000001
007fffffff0000800080007fff00
05c0f0b44962a91491a259a0d802
000001ffff6f71fdc06f73fdbf03
0180000000800000000000000004
0620000000c2ec2e300000200001
07fb6074cdffffffeffffff6c003
04b7f546e1ffefffff0000000103
072ef4ee13fffffff70000005d01
06437308a738b2cefe0000000100
020000002000007fff0000000003
050000001f000001ff000001e003
05dfffffff00000001dffffffe02
0410000000007fffff0000000000
0100000000000000000000000004
06ffffffff03706fe507ffffff02
09a3508bb7fffffffea3508bb603
05000020007eaaa5887eaa858803
0380000000000fffff0000000102
052bb08352f1c57b0cda75f85e01
0002000000b12110c3b32110c301
0502f4bcbd0fffffff0d0b434203
0800000080007fffff007fffff03
027fffffff800000007fffffff01
0212930a4f0000002012930a4f00
05ffffffff00000800fffff7ff02
08000007ff00000010000007ff00
0614c33d9e0400000014c33d9e00
0900001fff00001fff00001fff04
060007ffff800000000007ffff01
01ffffffff9f546aa760ab955800
04ffffffff1fbaaa690000000002
097fffffff07ffffff07ffffff00
04ffffffffffbfffff0000000000
070000000f0000000f0000000004
0980000000fffffffb8000000003
04e5f1b1e8000000030000000002
0800000001000000010000000104
0154fc278e0000000054fc278e00
0903fffffffffeffff03feffff01
070fffffff000020000fffffff00
01c05f0e10c05f0e100000000004
04ffffff7f2abf17110000000002
0900000002000008000000000003
010020000000004000001fc00000
08000000003817444b3817444b03
0103da412903da41290000000004
060003ffff38ae6ca20000ffff03
007fffffff95ff8cfb15ff8cfa01
080000000401ffffff01ffffff03
07ffbfffff00000000ffbfffff02
058a115a05000000008a115a0502
0102000000000000000200000000
0900000001000080000000000003
053fffffffa70d445e98f2bba101
0917ee30164a02782d0202300403
05ffff7fffc5542aee3aab551100
07940926c729247ecbfff2812402
06000000008fd5be8a0000000001
0180000000800000000000000004
0608000000fcaa38330000010001
0200000020ffffffff0000000001
06fffffff7e06e36fc0000000f00
0000000400000000100000041000
00fffffdff00100000000ffdff02
00000001ff000001ff000003fe04
0700400000000000010020000000
0240000000800000004000000001
07832a95d403ffffffffffffff02
0600800000000000020020000000
0500000000400000004000000003
02766c04e100010000766c04e100
061311e37fcbad198d0000988f01
07040000009fea790b0000800001
0800000000000000000000000004
01ffbfffffffbfffff0000000004
096d1ef05500001fff0000105500
010ffffffffffffdff1000020001
06ffffffbf00001000ffffffbf02
0700200000dcd9200d0000010001
062df389cf010000002df389cf00
06ffffffffffffffff0000000104
077fffffff7fffffff0000000004
06fffffffe00000020fffffffe02
0180000000800000000000000004
0400007fff00ffffff0000000103
0801000000000001ff010001ff00
04fffffffd200000000000000002
081fffffff9c2bfd999fffffff01
0869d0bb280000000069d0bb2800
0500400000000000000040000000
05fffffdffffffffff0000020003
01000fffffa16654425ea9abbd01
01ffffffff51f97bc9ae06843602
0518edd22f0000080018edda2f00
067fffffffb41abc1e0000000101
03000000007fffffff0000000103
06afdbf03affffffdf0000000103
0980000000ffffffff8000000003
03800000007fffffff0000000102
00007fffffd8fa2b82d97a2b8101
02cd4c72de00001fff0000000002
02ffdfffff704b7127efffff8002
04ffffffffffffffef0000000000
06000000011fffffff0000000003
027fffffff7fffffff8000000004
031b4c77c7bd75cdad0000000001
0800000000f2f49ea3f2f49ea301
052e2e3bcffffdffffd1d3c43001
07fffffdff80000000fffffdff00
09fffffbff33fd7a5333fd7a5302
0700000000000000000000000004
06ffdfffffefffffff0000000100
05672ad822bfffffffd8d527dd01
0500000000f56baeddf56baedd01
080ffffffff8560b7bffffffff01
0680000000800000008000000004
087ffffffffffeffffffffffff01
0948098909000000010000000100
076b0ba373fdb813cb000d617401
09001fffff200000000000000003
07ffffff7f0000007fffffffff02
0400004000ffffffff0000000101
09800000000007ffff0000000002
0800080000000800000008000004
0425d51cb9efffffff0000000101
094358bb8d65d649224150090003
0100000000dfffffff2000000101
01000fffff000fffff0000000004
0600000000000000400000000003
0800000fff00000fff00000fff04
05000000007fffffff7fffffff03
080008000005d5463605dd463603
05507f3ff9507f3ff90000000004
00000000ff0000003f0000013e00
06afe63b14afe63b1400000afe04
08ffffffff7859e51fffffffff02
02275217768031f59f0000000001
00b21f730a80000000321f730a00
08ffffffff003fffffffffffff02
0580929ee90000000080929ee902
060000003f0000003f0000000004
010000002007fffffff800002103
00fbffffff800000007bffffff00
0600007fff00007fff0000000004
0305ba73e2100000000000000103
03efffffff000000010000000102
0420000000200000000000000004
01c06e273dffffffffc06e273e03
06fffeffff95c37e37000001ff00
0147a91800a4b33837a2f5dfc901
06ffdfffff00000000ffdfffff02
04218d42cb000000000000000000
07ffffffef00000001fffffff702
0600000040000000000000004000
023faffd433faffd43fd7fea1804
01ffffffff00400000ffbfffff02
017c23826b7c23826b0000000004
010ffffffffeffffff1100000001
09b02c7489000100000000000002
0602000000020000000200000004
0220000000200000002000000004
01510152587d5c718cd3a4e0cc03
04001fffff767133e90000000103
01ffffefff4033ae20bfcc41df02
00bfffffff00200000c01fffff02
06007fffff007fffff0000000004
09f7ffffff7fffffff77ffffff02
02fffffff7fffffdff8000000000
02000000012a653a0a0000040003
0404000000d1e4551e0000000101
024dcf3d58000000004dcf3d5800
0700100000fff7ffff0000000001
05ffffffff00000000ffffffff02
07fffffffd65691d4dffffffff02
01ffffffeffffffffffffffff003
0900000000a3635cf80000000001
084e9da4a500001fff4e9dbfff00
0185a77bbf85a77bbf0000000004
0265cd1a22000001ff0000000000
07001fffffcdbca09e0000000001
08b6010a8affffdfffffffdfff03
073fffffff3fffffff0000000004
06fbfffffffbffffff0000000104
046f1699514cb7f2e20000000000
06801a1e56fdffffff0000000103
060000001f0000001f0000000004
08ffffffefffffdfffffffffff00
02000001ff007fffff8000000003
06c128825efbffffff0000000103
0180000000feffffff8100000103
010003ffff0978f945f68b06ba03
0600040000400000000004000003
05ffbfffff00000000ffbfffff02
095d3a99bef7ffffff553a99be01
023c33496b000000803c33496b00
090000002000001fff0000002003
05cb6805d600000020cb6805f602
076b1f7c2a00000001358fbe1500
0000000001000000010000000204
0620000000200000002000000004
06fffdfffffffffffb0000001f03
0100400000800000008040000001
04f8aee377046597150000000002
0800000000000000000000000004
00a5e4e508fff7ffffa5dce50703
0480000000800000000000000004
0010000000bfffffffcfffffff01
0800400000000000000040000000
05ffffbfffefffffff1000400000
011c36e7ecfffdffff1c38e7ed01
03fffffdff000003ff0000000102
05001fffff1a2ae49d1a351b6203
0207126f6e0000007f0000000000
05fff7ffff7fffffff8008000002
0000008000000080000001000004
06000080001d00adca0000002003
07003fffff003fffff0000000004
02000000000000ffff0000000003
08fffdfffff09ced29fffdffff00
0400000001fffbffff0000000101
01bbab5185bbab51850000000004
01799560be007fffff791560bf00
0300000200010000000000000103
09626de65100ffffff006de65100
0000000004951c7c9c951c7ca001
01000000012d69bf8ad296407703
04ffffffffffffffff0000000004
0863fc1d3829d758356bff5d3d00
052995efd9ed610da3c4f4e27a01
060000003f01ffffff0000000003
03e0146da0800000000000000000
080f6b285c7fffffff7fffffff03
06400000000000007f0000000000
07000000107fffffff0000000003
070000ffff000020000000ffff00
0707ffffff7fffffff0000000003
05bfc73e33bfc73e330000000004
0613076e23a8ebe2a4013076e201
08bdaabb8fbdaabb8fbdaabb8f04
04feffffff46ab6d040000000002
0900000001001fffff0000000103
0846405b8b07ffffff47ffffff00
030000000035d0cfe80000000103
04ffffff7f4fb728480000000002
08ffffffff047a9e96ffffffff02
01003ffffffffffffe0040000101
01fff7fffffff7ffff0000000004
0440ea94dd7fffffff0000000103
051a6817131a6817130000000004
08e7adadb8fffbffffffffffff03
0800000002100000001000000203
027fffffffab20df7bf800000001
0800080000000002000008020000
07f7ffffff00000001fbffffff02
090000003fffffff7f0000003f01
01d320a59a398effd19991a5c902
0904000000af3863b90400000001
017fffffff000001ff7ffffe0000
026f7e25356f7e2535a6a0000004
01ffffffffffffffff0000000004
08fffbfffffffbfffffffbffff04
01fffffffffffffffb0000000400
0000000000000000010000000103
0500800000008000000000000004
0980000000ffff7fff8000000003
0700400000000000010020000000
06000003ff029a99f30000000003
03ffdfffffffdfffff0000000004
07000000ff00000000000000ff00
070000000f03f455ea0000000003
0300000008000000080000000004
05c0750c19c0750c190000000004
09fffffff7fffffff7fffffff704
000000000103ffffff0400000003
06de4cf56ede4cf56e0003793304
05000020007caf09c07caf29c003
01fefffffffeffffff0000000004
00e9d4b432ffefffffe9c4b43103
01014bf265014bf2650000000004
0500000001000040000000400103
070000000001ffffff0000000003
04ffffffffffffffff0000000004
01cc71d9511ae6249cb18bb4b502
0300000000ffffffff0000000001
0200000003ffffdfff8000000001
03d871c723800000000000000000
05394d5ec70000003f394d5ef800
02e716a8146e940990a814000002
005d2ec0795d2ec079ba5d80f204
04c562cb4ee323041d0000000103
0800001ffffffffffbffffffff01
0280000000000007ff0000000002
07ffffffefffffbfffffffffff00
04d73b559f800000000000000000
074493176d172559870089262e00
05000001ff000001ff0000000004
03346e5f2b39ed35f80000000103
0800000800000fffff000fffff03
05fdffffff7fffffff8200000002
038e4a8a330003ffff0000000102
08fffffffeffffbfffffffffff00
014ee232444ee232440000000004
08f945860ff945860ff945860f04
0800080000400000004008000003
0700000000000000800000000003
0880000000ffffffbfffffffbf03
0902000000fffffffd0200000001
0407ffffff0ae5e2890000000103
0700002000000020000000200004
03ffffefff7fffffff0000000102
0300000020d7e427470000000001
057b8b8be87b8b8be80000000004
07000000010000000f0000000003
0500002000000020000000000004
0200ffffff00ffffff8000000004
06fffffff732e33f990000007f02
0953c142c3010000000100000000
02fffffbff7fffffff8000000002
0424652448246524480000000004
0129e9d2e67b52186fae97ba7703
030000003f000200000000000103
03d12b76c6d12b76c60000000004
040003ffffd3abeae10000000101
05ec10524895873cf679976ebe00
0800000000040000000400000003
037fffffff7fffffff0000000004
0000000002000000020000000404
052cb116332cb116330000000004
051fffffff01ffffff1e00000000
0300010000000100000000000004
037ffffffffff7ffff0000000001
0712ed356912ed35690009769a04
027fffffff7fffffff8000000004
0564d4a9de64d4a9de0000000004
03f54f857c37f9aadd0000000102
09efffffff1fffffff0fffffff02
070000003fff7fffff0000000001
097fffffff000000020000000200
00ffbfffff23effb0123affb0002
030000000f800000000000000001
027fffffffffff7fff8000000001
0400000001000000010000000004
06f655e46450c2f03100007b2a02
0180000000800000000000000004
04ffffffffffffffff0000000004
04133fc4af2145660c0000000103
02128b659200200000128b659200
0080000000ffffff7f7fffff7f03
05ffffffff00000020ffffffdf02
0000008000080000000800800003
09cff0133dcff0133dcff0133d04
0300000fffffffffff0000000001
06f7ffffff007fffff0000000102
09ffffffdfffffffdfffffffdf04
0200000000000000000000000004
01e1985402ebcd370ff5cb1cf303
08ffffffffff7fffffffffffff00
036b641ab7feffffff0000000001
0303fffffffffffdff0000000001
00fff7fffffff7ffffffeffffe04
017fffffff6fab3dbb1054c24400
02001fffff00000000001fffff00
00f618600507fffffffe18600402
0800000000a75830d4a75830d401
0348b1480300000fff0000000000
00fffefffffffffffbfffefffa03
0880000000800000008000000004
01fffdfffffffdffff0000000004
02fffffeff02000000fffffeff02
068aa6fea8fffffeff0000000103
025b6e300effffffbf0000000001
075f51a8825f51a88217d46a2004
000001ffff4038c04c403ac04b03
0994bbee1e76070e2b14030e0a02
04a47d07570007ffff0000000002
07b7d99e26ffffffffffffffff03
0800200000ffffffffffffffff01
02ffff7fffffff7fff8000000004
0000000200000800000008020003
0880000000000000018000000102
0200000040fffdffff0000000001
08efffffff00020000efffffff02
06ffffffff40000000ffffffff02
06fffffff728a5d0f300001fff02
06f7fffffff7ffffff0000000104
014ab20b220001ffff4ab00b2300
057fffffff7fffffff0000000004
0000000800000000010000080100
01efffffffefffffff0000000004
0980000000100000000000000002
04fffffdff000100000000000002
0000000001de99c8cfde99c8d001
044dc710f30003ffff0000000000
08001fffff944ab555945fffff01
0780000000800000008000000004
00ffefffff00400000002fffff02
047fffffff7fffffff0000000004
020000000300000fff8000000003
08000000001df094af1df094af03
02004000006906b9430200000003
0300000000800000000000000001
0807fffffff4867a33f7ffffff01
0200000000fffffffd0000000001
02ffffffff000001ff8000000002
017fffffffffffffff8000000001
05c618ee30024f4c6bc457a25b02
09f2622287f2622287f262228704
040400000027c142d90000000103
05894b629800000020894b62b802
060003ffff000000000003ffff00
060000ffffffffffff0000000001
09000007ff00001fff000007ff03
08cced4c4d08000000cced4c4d02
0700000800000008000000080004
09e1dad9efe1dad9efe1dad9ef04
08ffffefff1f35d5feffffffff02
097fffffffd0f1ce1b50f1ce1b01
090003ffff0003ffff0003ffff04
07dfffffff7fffffffffffffff02
04b104b312ffffffef0000000103
03fffffffefffffffe0000000004
030003ffff000200000000000000
0300000080ffffffff0000000001
0700000008d1219d420000000201
064a64dc2ffffffff70000009401
070fffffff0fffffff0000000004
020001ffff00000003000ffff800
05445f159d445f159d0000000004
08fffbffffe44856b2fffbffff00
0200ffffff7fffffff8000000003
0100000000db3c510924c3aef701
02ffffffff000001ff8000000002
05ffffffff1755a542e8aa5abd02
0280000000fdcc54510000000003
01b538cf02b538cf020000000004
03fffffffb69a1fd4d0000000102
07000000ffbdb5be2d0000000001
0721223be8862b1e6c0002122301
0200000001fff7ffff8000000001
03ffffffff7fffffff0000000102
0082b571d17fffffff02b571d002
04000001ffeb30d1110000000101
06ffffefff4c0189cc000ffffe02
0100000000800000008000000001
01fffdffff7fffffff7ffe000002
040000003f7fffffff0000000103
05ffffbfffffefffff0010400000
02f7ffffffffff7fff8000000003
00dfffffffa3e5c8e383e5c8e200
00fbffffffa1b5a3219db5a32000
05ffffff7fffffff7f0000000004
01b4b89a25699ddad84b1abf4d02
0600000000000000000000000004
0472f00c980000000f0000000000
05185bb67bffffffffe7a4498401
03ffffffffc49843a30000000000
0300000001000000040000000103
0000000001286289ef286289f003
00610e9b6df8404ab9594ee62601
04ffffffffa54624460000000000
02ffffffffffffffff8000000004
063fffffff000020003fffffff00
02a41ac70dffffffff8000000003
0539f4a6170000000139f4a61600
0380000000800000000000000004
0200003fff477bcf6000003fff03
027fffffff002000007fffffff00
0700000000feffffff0000000001
020000000200007fff0000000003
06ffffffffffffffff0000000104
0500100000000000070010000700
05000007ff4b1bbacd4b1bbd3203
0600040000ffffffff0000000001
04007fffff001fffff0000000000
007fffffff000000018000000000
095dd149b8000000020000000000
060001ffff4bb7c7920000000003
06443f98e700000001221fcc7300
03fffffeff262a904f0000000102
0600000800d86a6e760000000001
047ffffffffffffdff0000000101
087c4b53c103ffffff7fffffff00
0600001fff7fffffff0000000003
0301323cb4865ee7b60000000001
06fffffffd00000040fffffffd02
0600000040ffffffff0000000001
093d6a09e5000004000000000000
02a6f0719ea6f0719e8000000004
07ff7fffffa4083376fffffffd00
0459454509000004000000000000
0300000001800000000000000001
08ffdfffff00200000ffffffff02
02847ac1450fffffff8000000002
085ff6581460a9e6c27ffffed603
01210354360040000020c3543600
027ffffffff593b242fffffffc01
0500003ffffbfffffffbffc00001
040007ffff7fffffff0000000103
0201000000000001000100000000
078000000057bae2b3fffff00002
01000020000003fffffffc200103
0562d8b6af10c6db4b721e6de400
057fffffff7fffffff0000000004
080000ffff8e4f39938e4fffff01
07000fffffdaa9acd90000000001
00fffffffffffffffffffffffe04
08fffeffffadb44c00fffeffff00
06797e35d7797e35d7000000f204
084880acf77fffffff7fffffff03
02e14660e50000007f8000000002
087fffffff000000017fffffff00
00ab90dcefab90dcef5721b9de04
030003ffff008000000000000103
0900002000000000040000000000
031a53b2840fffffff0000000000
0100004000800000008000400001
00fffff7ffddfb175addfb0f5900
04fdffffff00ffffff0000000002
03fffffffb2122aeb30000000102
0403ffffff000000010000000000
098bc624c37fffffff0bc624c302
05f4638991f46389910000000004
020001fffffeffffff8000000001
01000000000000003fffffffc103
086ab1c078bc76dad8fef7daf801
0100000400000004000000000004
060007ffff200000000007ffff03
050e9399c70000007f0e9399b800
03fffffffbd266d6e50000000000
01a9627d39ffffdfffa9629d3a03
09fffffdffcf2fd050cf2fd05000
03dbddf036846bf84e0000000000
0200000080000010000000008003
03c95c9a1c9058753c0000000000
0304000000ffffffff0000000001
03000007ff080000000000000103
0680000000400000008000000002
029a47d359100000009a47d35902
0800040000000002000004020000
07000000004641f23b0000000003
0800000fff00000fff00000fff04
0900000008000000070000000000
080fffffff97a0debe9fffffff01
0907ffffff007fffff007fffff00
05ffffffffffffffff0000000004
0183f245a771ecfe991205470e02
0263601af0000000028d806bc000
055ce4f59bffffffffa31b0a6401
0403febcec03febcec0000000004
067fffffff5ae8ee3000007fff00
0300100000000fffff0000000000
0800000080da2fddd1da2fddd101
0900000000fffffdff0000000001
00000000005f6d1e135f6d1e1303
09fffffff7fefffffffefffff700
02ffffffff80000000ffffffff00
0800007ffff29e6ae2f29e7fff01
077fffffff7fffffff0000000004
05ffffffffb0cfdee84f30211700
030000000729d2cf5c0000000103
057650f51225e5f96d53b50c7f00
041eefc9a01eefc9a00000000004
06ffffffff72f84d1a0000003f02
0800003fff00003fff00003fff04
078b97752f1ddd4b61c5cbba9702
00001fffffa1c10fb4a1e10fb301
0680000000800000008000000004
09800000005f2c53730000000002
06000fffff000fffff0000000004
0700000000000000000000000004
02fbffffff991f0d12fffc000000
0000000000d6868028d686802801
008aef487d002000008b0f487d02
0100010000527d63a7ad839c5903
0520000000ffffefffdfffefff01
05000000080000003f0000003703
075183cb5765c2eca8005183cb03
090001ffff0001ffff0001ffff04
01ffffbfffffffffbfffffc04003
0680000000b977edb40000080003
02e87977d650c8083dc000000002
05cacf490bcacf490b0000000004
07000000041fffffff0000000003
08bcb2b17cfffff7fffffff7ff03
09000400001fffffff0004000003
0400000000000000000000000004
06fffffff74441bc8f0001ffff02
0900000000000000000000000004
038d2e0a9bd04c999a0000000103
09ffffffff9d9ed8c99d9ed8c900
0581d84385bfffffff3e27bc7a03
06ffbfffffefffffff0000000100
00ffffffff074a41df074a41de02
02003fffff2a5f378effffc00003
08131cb2ebffffff7fffffffff01
03f7fffffff7ffffff0000000004
0700002000ffbfffff0000000001
03d2a3e7f1927d03cf0000000000
02000003ff3099cdad007fe00003
09b16f2ca57fffffff316f2ca502
021203bec40000000124077d8800
017fffffff000000207fffffdf00
0191223ad68000000011223ad600
0201000000010000000100000004
04d7cc029ffffffff70000000103
0000000100bb5c36b5bb5c37b501
02814b8c58fffbffff0000000003
0259f2c1fe59f2c1fe8000000004
0081cd8c5681cd8c56039b18ac04
04fffdfffffffdffff0000000004
0580000000800000000000000004
0325e26ab27fffffff0000000103
080040000050e61f8d50e61f8d03
03fffffff7000800000000000102
090020000001ffffff0020000003
010000000ffffffff70000001801
0600010000f691967d0000000001
05fffffffe00002000ffffdffe02
006ee900127fffffffeee9001103
0400003fff000000010000000000
09ffbfffffffffffffffbfffff03
0600000001ffffffff0000000001
097fffffff000000010000000100
09bf5022d5000040000000000002
00fffffffefffffffefffffffc04
0600010000bfffffff0000000001
081a3121dd000000001a3121dd00
08e4324170e4324170e432417004
0600000000ee3370ba0000000001
03d268a968800000000000000000
0400001fff008000000000000103
0700000001ffffffff0000000001
0100100000001000000000000004
08b994e094b994e094b994e09404
0200000007ffffefff8000000001
05dd1789aa00010000dd1689aa02
0104000000040000000000000004
08fffffffb00000010fffffffb02
071fffffff1fffffff0000000004
0981635264816352648163526404
093f7c6da3722010843220008003
00dfffffff2ff7dc040ff7dc0302
03ade383df170d27fa0000000102
04ffff7fffffff7fff0000000004
0000000020000000200000004004
04fffffff7fffffff70000000004
0900100000f45f3dbf0010000001
0100000001000ffffffff0000203
083fffffff3fffffff3fffffff04
007fffffff0100000080ffffff00
045a10eb2938d1e8140000000000
06000000017fffffff0000000003
01fffbffff780f0db187ecf24e02
00fffeffff007fffff007efffe02
0900000003800000000000000001
0000000000fffffdfffffffdff01
016bbc6e24ffffffdf6bbc6e4501
0301000000800000000000000001
08be9cc3829d1375e1bf9ff7e300
02420ecbad69376bb0cbad000003
020ae817ec0ae817ec817ec00004
09730ee63600001fff0000063600
06ffffdfff7fffffff0000000102
00f6b22024f6b22024ed64404804
0249531d2f4af651cb98e9780003
04bc5e3448fffffff70000000103
07ffff7fffffaeadc9ffffffbf00
0600000200000002000000020004
000000ffff800000008000ffff01
07ffffff7f08000000ffffff7f02
087fffffffdd17cce8ffffffff01
0207ffffff07ffffff8000000004
03feffffff56079f0a0000000102
090000000140f482ef0000000103
0887e171160007ffff87e7ffff02
0300003fff00003fff0000000004
0204000000000000100000000000
0701428949000010000142894900
0180000000800000000000000004
06974b7d2000010000974b7d2002
0880000000800000008000000004
01de2bfcf401ffffffdc2bfcf502
0700000000c80787230000000001
000000000103ffffff0400000003
057fffffffffefffff8010000001
0500000008000000080000000004
09383431ef0000ffff000031ef00
08ffffbfffffffffffffffffff03
0080000000ffff7fff7fff7fff03
01ffffffff800000007fffffff00
03b043f5ca7b6d571e0000000102
0982b96ce0ffffffff82b96ce003
04000000019786e8830000000101
094dfb822e4dfb822e4dfb822e04
0100800000008000000000000004
03000010007fffffff0000000103
000000000f0000000f0000001e04
061da3c128a95004f80000001d01
049a3d2bac000000080000000002
0080000000ffffffbf7fffffbf03
03ffffbfff8f32c33d0000000000
00ffefffffefffffffefeffffe00
06ffffffbf007fffff0000000102
09000000037fffffff0000000303
093bac1861000007ff0000006100
05ffdfffff00100000ffcfffff02
0696f4efb30003ffff0000000102
061b87fffc27045fb2000006e103
097fffffff25882c1925882c1900
05616834de00040000616c34de00
06ac363d200000000800ac363d02
04899e691cbc6a2f8b0000000103
045b9fcf485b9fcf480000000004
09bd2dd770bd2dd770bd2dd77004
0600080000000800000008000004
0900ffffff000200000002000000
06b6eaa792ff7fffff0000000103
050007ffff0007ffff0000000004
0500000000000001000000010003
0300008000000800000000000103
0673e73ce2ffffff7f0000000001
0880000000800000008000000004
09fad0d9322ff2e1422ad0c10202
0680000000bfffffff0000000103
06040000002a2ac7dc0000000003
060000000f001000000000000f03
0200000fff6d53e554fff0000003
047d608bbe7d608bbe0000000004
05feffffff3b2ffaa0c5d0055f02
04fffbfffffb36ec250000000000
01e2171171e36c66aafeaaaac703
088376d430000000018376d43102
060007ffff000000030000ffff00
006829e2566829e256d053c4ac04
03f7fffffff7ffffff0000000004
0704000000800000000400000001
0300000008000000000000000000
05ffefffff001ffffffff0000002
05fffdffff00000000fffdffff02
026e838fbffffffffec000000001
04a1ca678aa1ca678a0000000004
05ffdfffff00000001ffdffffe02
00f6c3e4b96c4e82996312675202
05e80c1ae0e80c1ae00000000004
06fffbffff000000100000fffb02
0900003fff000000010000000100
099deca8f800007fff000028f802
08366a904b366a904b366a904b04
02a1f928d999ba09ed251b200000
02effffffffbc315dbf800000003
0900020000000200000002000004
0600800000008000000080000004
025b2c8f8db9fcfb723e34000001
045539bc1e0ae2efef0000000000
09ffffffffdfb9942cdfb9942c00
03300080c8ffff7fff0000000001
055208f7ad000000005208f7ad00
06d7aed44100000000d7aed44102
0900000040000008000000000003
06706038b0706038b00000706004
08ef3f793f00000000ef3f793f02
0900000004fffffffb0000000001
03805e28e0d7bb56380000000103
0000003fff0008000000083fff03
04f5bb9bd396aa76960000000000
06becb28deffffffff0000000103
09000fffff400000000000000003
03003fffff003fffff0000000004
0980000000f7ffffff8000000003
070000000800000fff0000000003
047fffffff7f40367b0000000000
057fffffff80000000ffffffff01
00fffffffffffffffffffffffe04
0100000002000000020000000004
064e3389de800000004e3389de01
0800000001000000010000000104
001fffffff1fffffff3ffffffe04
07129b535c07ffffff0000000000
08fffdffff03ffffffffffffff02
02b4fdac35b4fdac3586a0000004
0147930d6b47930d6b0000000004
0680000000ffffffff0000000103
0386748026867480260000000004
00b8d90d92ffffffffb8d90d9103
00003fffff74d723997517239803
0000008000007fffff00807fff03
014fb6632346760df30940553000
04333156d2fffffeff0000000101
0400003fff040000000000000103
0400000002800000000000000101
05543e366700100000542e366700
01fffffffe800000007ffffffe00
0800000002000000020000000204
0700000001e90e368e0000000001
0451bbb835000000010000000000
02a567467effffffff0000000003
00000000104c20df874c20df9703
06ff7fffff4daf349e0000000302
03238156c5759cc2030000000103
07000100001a2435660000040003
04000000036b21ba910000000103
060003ffffffffffff0000000001
0401ffffff000000010000000000
07000003ff000003ff0000000004
04e88870e9ff7fffff0000000103
05ffffffdf00000000ffffffdf02
070000000086aa012c0000000001
057136ebf2ffffffff8ec9140d01
0900000010000fffff0000001003
01650ee9f30020000064eee9f300
01000000000ce8abbbf317544503
077fffffff000000013fffffff00
08a9870805c0aecf8fe9afcf8f03
0577750835001000007765083500
070000000126c417260000000003
05fffeffff0000000ffffefff002
00fffbffff00000001fffc000002
06fffdffffff7fffff0000000100
050000000807ffffff07fffff703
04c71d53fcc71d53fc0000000004
0202000000000000010400000000
0029b92bdde8fab9ba12b3e59701
0400800000fffffff70000000101
033e0a9ed63e0a9ed60000000004
0303ffffff000800000000000000
077fffffff7fffffff0000000004
010aaaa2a1000000000aaaa2a100
0900000200ffffffff0000020001
0123161628003fffff22d6162900
0300400000004000000000000004
0200400000ffffff7f0000000001
01fffefffffffffdffffff020003
02000000011fffffff8000000003
099d2d82d2000000000000000002
05a44755a080000000244755a000
0300000001000000010000000004
06ed18767000100000ed18767002
06d45d9c0801ffffff0000000102
09ff7fffff7b04e5517b04e55102
0900000001000000010000000104
09ffbfffffffbfffffffbfffff04
042ffc2446f9e1cfa90000000101
0700000080002000000000008003
040000001f0000001f0000000004
090fffffff62f3762102f3762103
034e58cffd158a199d0000000000
025286e32500000004286e325000
024c25e68f3316ee44c25e68f000
000bc6c44560deb00f6ca5745403
03c9998f97576279e20000000102
03000000000000007f0000000103
077fffffff000020007fffffff00
0400000100002000000000000103
0880000000800000008000000004
00fffffbffffffffeffffffbee03
047fffffff000000030000000000
01b1c9430400010000b1c8430402
04feffffff003fffff0000000002
0400001000ffffffff0000000101
0057dad8300000007f57dad8af00
0100000000000000000000000004
08c3bed58c6dcdd02defffd5ad02
00fffffffffffffffffffffffe04
097fffffff0b7c07e90b7c07e900
01800000007fffffff0000000102
07fdfffffffdffffffffffffff04
04d6583219d65832190000000004
07fffdfffffffdffffffffffff04
04f5f2e270000000000000000002
07fffffffffffffeffffffffff00
0300000000000000200000000103
0000400000fdfffffffe3fffff01
0400000008000000080000000004
04001fffff007fffff0000000103
05000000089a0199b59a0199bd01
021b5658951b56589512a0000004
0400000001898a3c1e0000000101
02fbffffff000fffff8000000002
08fdffffff00000000fdffffff02
080000007fffffffffffffffff01
0580000000000000018000000102
0700400000004000000040000004
01000fffff000fffff0000000004
077a8357c27a8357c21ea0d5f004
05ee412164c0bb9bb12efabad500
023fffffff3fffffff8000000004
0810000000fffffffbfffffffb01
0489fd17637fffffff0000000002
0100080000000800000000000004
00b3c388c100010000b3c488c102
090007ffff000000000000000000
0800000000000000000000000004
00b6d8c6718000000036d8c67100
037dd1bc6d0fffffff0000000000
017fffffff4452750d3bad8af200
0380000000800000000000000004
09ffffff7fffffff7fffffff7f04
007cdd5690a55f3782223c8e1201
026d7e1578ffffffef0abc000001
04a62adad2008000000000000002
080001ffff9abc85749abdffff01
010fffffff000001000ffffeff00
02be6c61aeffbfffff0000000003
059468fc869468fc860000000004
09ffffffff400000004000000002
07d2a7888cffffffdfffffffff03
05fffeffff48ec71f4b7128e0b02
0400000020800000000000000101
02ffbfffffffbfffff8000000004
0400000200000000010000000000
0903ffffff000000000000000000
024f376be300003fff8000000000
077fffffff000800007fffffff00
0900040000fffffffb0004000001
00c4085eb100010000c4095eb102
062f5a8ce0000000ff0000000000
0900ffffff00ffffff00ffffff04
0000000100ffffffdf000000df01
08864dfe21864dfe21864dfe2104
09ffffffff400000004000000002
0800000100000001000000010004
01fffffffe00080000fff7fffe02
050000000f0001ffff0001fff003
08ffffffffffffffffffffffff04
038778a02aa69090fc0000000103
07ffffffffffffffffffffffff04
0100000000000000000000000004
024a574578e291dec9ae8af00001
0000000004000000040000000804
011fffffff000000011ffffffe00
0101fffffff7ffffff0a00000001
014be56a854be56a850000000004
050000003f00007fff00007fc003
04feffffff008000000000000002
08fffffff7fffffff7fffffff704
05b3082402ff7fffff4c77dbfd03
066f640f55040000006f640f5500
064256843c4256843c0000000404
071d4ae38280a9f30b0003a95c01
06b2432500000000022c90c94002
04f7ffffff7fffffff0000000002
05f65031b680000000765031b600
0400080000800000000000000101
0296fff304e0204f43b7ff982003
040001000023c08aad0000000103
060871034e000000000871034e00
012471b3da80000000a471b3da01
0600200000000200000020000000
090000000103ffffff0000000103
08fdfffffffdfffffffdffffff04
054000000033dc5fb573dc5fb500
03c25ac3377fffffff0000000102
05a66af54ec67d24166017d15803
01a7185cf5ffffff7fa7185d7603
0502000000000000020200000200
08003fffffffdfffffffffffff01
05000fffffffffdffffff0200001
01b0468c6e0ea8bef6a19dcd7802
01000000017fffffff8000000203
0100000001000000010000000004
00007fffffffffffff007ffffe01
010003fffffeffffff0104000001
05fffdffffed1661e312eb9e1c00
080000ffffe78ce4fbe78cffff01
00f418b22bf3221d79e73acfa400
0700000000580aa1f20000000003
09dfffffff000000000000000002
04aa2567b324fc2a350000000002
024df9e504000fffff0000000000
0500000001fffefffffffefffe01
02fffffffdfffffffda000000004
0300000100800000000000000001
06fffffdffbb1363aa003fffff00
06fffffdfffffffdff0000000104
06bfaf07dff22f37f400000bfa03
0500400000000000070040000700
077fffffff7fffffff0000000004
0080000000ffffefff7fffefff03
02dfffffffdfffffff8000000004
020fffffff0fffffff8000000004
046c22ec98800000000000000101
04ffefffff000000000000000002
0400400000ff7fffff0000000101
01efffffffd81fd92d17e026d200
057ffffffffffffdff8000020001
0200000000020000000000000003
08ffffefffffffefffffffefff04
056f1852dc70b44a151fac18c903
051714290f1714290f0000000004
063b6ffba5000000003b6ffba500
09ffbfffffffbfffffffbfffff04
0200001fff0002000000001fff03
000e961f39ffffdfff0e95ff3801
009eb7bada00001fff9eb7dad902
0702000000ffffefff0000000001
03fffffffffffdffff0000000000
05a6b7be2601ffffffa74841d902
0507ffffff07ffffff0000000004
05fffbfffffffbffff0000000004
03ffff7fff0003ffff0000000102
06395b122000000fff0000000000
07000fffff7a75a2fe0000000003
002b68d7bf2b68d7bf56d1af7e04
0830ecf99f30ecf99f30ecf99f04
010000004000080000fff8004003
037fffffff000000000000000000
03ffffffff800000000000000000
08ffdfffffefffffffffffffff00
04ffffffdf000100000000000002
04fffffeff001fffff0000000002
01ffffffbf7fffffff7fffffc002
040000000001ffffff0000000103
07255fcf72255fcf720000095704
002e6a7c0580000000ae6a7c0501
07ffffffffffffffffffffffff04
079e652e8c9e652e8cfff9e65204
0600001fff1fffffff0000000003
093bd9c3b8fbffffff3bd9c3b801
05a2982b720edcd6ffac44fd8d02
0100003fff000000ff00003f0000
087fffffff0fffffff7fffffff00
03fffffffb001000000000000102
090001ffff0001ffff0001ffff04
04eaf79183eaf791830000000004
013fffffff07ffffff3800000000
0000000001fdfffffffe00000001
08100000007fffffff7fffffff03
01d97d867e0f86a75cc9f6df2202
0400000003001000000000000103
061fffffff000000001fffffff00
02182461e2735fbe1f0000000003
083706245680000000b706245601
0000007fffff7fffffff807ffe01
0000000007ffffff7fffffff8601
07ffbfffff00000000ffbfffff02
00fffffdffc7151586c715138500
03f6e489547ce74ed10000000102
00ffffffbfff7fffffff7fffbe00
04000003ff6c49993c0000000103
013c2db18b5cecbec7df40f2c403
07000ffffffffffeff0000000001
05ffffffffffffffff0000000004
07fffbfffffffbffffffffffff04
087b13aab17b13aab17b13aab104
067fffffff7fffffff0000000004
0500000000000000000000000004
05000000ff07ffffff07ffff0003
0916ee68aa7fffffff16ee68aa03
09000000007fffffff0000000003
01000003ff00010000ffff03ff03
08000400007fffffff7fffffff03
00000000008a0dca5f8a0dca5f01
070000007f000000000000007f00
0200000002859322eb0000100001
0900007fff1955deac00005eac03
0977f37700ffffffff77f3770001
064ed9b95fd9d29c760000013b01
0107ffffff000007ff07fff80000
03ffbfffffffbfffff0000000004
0000008000000080000001000004
01900f0b3900000040900f0af902
04ffffffff003fffff0000000002
068b3da5c600000001459ed2e302
017fffffff7fffffff0000000004
01000000ff9cee28586311d8a701
09ff7fffffffffff7fff7fff7f03
07ffff7fff0003ffffffffffff02
02ed8e7f6cfffffbff0000000003
0626357b073bf8fc5a0000000903
0401ffffff51707aa80000000103
08f32164931305b8b6f325fcb702
03b9ee63f8efffffff0000000103
04000fffff000fffff0000000004
0159fe333259fe33320000000004
00fffffffffbfffffffbfffffe00
060000001ff27511b00000000001
037fffffffffffffff0000000001
01000000000b294e01f4d6b1ff03
040000007f000000040000000000
079d23fa2213040690ffff9d2302
06ffffffff7fffffff0000000102
00800000007fffffffffffffff02
09fbffffff800000008000000000
06fffffffe759cca9a0000003f02
06fffffeff3faf740507fffff702
04ffffffefffffffef0000000004
02fff7ffff00000000fff7ffff02
07ffffffff00200000ffffffff02
047fffffff03da1d300000000000
067ffffffffffffffb0000000f01
0702000000020000000200000004
09feffffff000002000000020002
077fffffff0007ffff0000000000
0800000001000001ff000001ff03
0400010000000004000000000000
06bb91f7aafffeffff0000000103
05033012bd033012bd0000000004
04842ee617842ee6170000000004
027fffffff7fffffff8000000004
031d0f4ec11d0f4ec10000000004
000fffffff0fffffff1ffffffe04
03dfffffff718435f20000000102
07fffff7ff00000080fffff7ff02
01ffffbfff00000008ffffbff702
071fffffff1fffffff0000000004
08000000000bc4d0e10bc4d0e103
01000000400001fffffffe004103
03fffffefffffffeff0000000004
01003fffff0050d03fffef2fc003
0620000000200000002000000004
0610000000000000030200000000
02eb995ec300000002ae657b0c02
0600001fff00001fff0000000004
0100000008000000080000000004
09ffefffffffefffffffefffff04
02000000014e56afa30000000803
0983297fb0fffeffff83287fb003
086a391255ffffdfffffffdfff01
06597b6c9f9d0be937000000b201
0400000004ffffffdf0000000101
02fffffffbdde5068dffff600000
067fffffffffefffff0000000001
058000000020000000a000000002
09ffffffff07ffffff07ffffff02
05000008000f1651570f16595703
07a3d44a3f80000000a3d44a3f00
02b70f1a6d785943cf8d36800002
08001fffff001fffff001fffff04
08fffdfffffffdfffffffdffff04
057a9f8519a3805468d91fd17101
02ffffff7fffffffff8000000003
0600000000bfffffff0000000001
0600000000003fffff0000000003
07800000009d77d8b3fffff00003
09553c9ecc553c9ecc553c9ecc04
06ec05f63e92526f7d0000000700
0900010000fffffeff0001000001
053b4bf17f00ffffff3bb40e8000
0569aad13a7fffffff16552ec503
06fffdffff9855aeac000fffdf00
056b6034ba8ea15f16e5c16bac01
034ea16dc34ea16dc30000000004
0310000000100000000000000004
05c67dbf72c67dbf720000000004
01fffffeff00000000fffffeff02
00000fffff0d2c763d0d3c763c03
0900ffffff000000010000000100
027fffffff400000007fffffff00
0800003fff8000000080003fff01
09fff7ffff000000ff000000ff02
080000020020112b5e20112b5e03
0807ffffffffdfffffffffffff01
07000001ff7fffffff0000000003
03fffffdff000000010000000102
099977a4d28dfd95378975841200
047571988fffffffff0000000101
080000003f0000001f0000003f00
0405058f01000000010000000000
07df893bd8ff705dd7ffffffbf03
071fffffff004000001fffffff00
05000000ff80000000800000ff01
09ffffffff4292e46d4292e46d02
089aa8ce07002000009aa8ce0702
03ffffffffffffdfff0000000000
00ffffffff00000000ffffffff02
0100000000fffffffd0000000301
0300000001000000010000000004
00879adb07879adb070f35b60e04
04000000402fd57a4d0000000103
073fffffff0000000f00007fff00
0300007fff4bfb71c00000000103
0028a78f3928a78f39514f1e7204
08ffffff7ffffffffbffffffff03
0500000002002000000020000203
060010000025e04bf40000000103
00a39b39fbffffffffa39b39fa03
0980000000fc8f72268000000003
017d6f2ee05c53daaf211b543100
0400000000e415f30a0000000101
007fffffff7ffffffffffffffe04
04dc1d636aef65a5d40000000103
03ffefffffffefffff0000000004
06ffffff7f0007ffff0000000102
0385cc854985cc85490000000004
0204000000000000000400000000
08000004009486b6329486b63201
07e73dcac1fffbffffffffffff03
02ffffffff00008000ffffffff02
047fffffff192225700000000000
010080000058c11633a7bee9cd03
01000000002bb451d8d44bae2803
067fffffff34b356980000007f00
08a86f3f56a86f3f56a86f3f5604
00341e5f5001000000351e5f5000
0178bee488001fffff789ee48900
0000000000000000000000000004
09fffffffdf055ccf9f055ccf900
047fffffff7fffffff0000000004
04000007ff000000000000000000
0600100000000000070000200000
0900800000000001ff0000000000
06b4c0f4cd0000000f0001698102
0180000000fffffbff8000040103
096eb2792278b0c7ca68b0410203
023e6c2b2d001000003e6c2b2d00
041fffffff6c2a84df0000000103
0600000001800000000000000101
07ffffaf7931af2b7dffffffff02
07ffbfffff80000000ffbfffff00
07dfffffff00000001efffffff02
0126b6f1e90000001026b6f1d900
04000000fff7ffffff0000000101
0580000000800000000000000004
010fb2ca44000000000fb2ca4400
0207ffffff63a378f7ff80000003
09fffffffb48af597548af597102
08702d0aab702d0aab702d0aab04
05fffffbff0000000ffffffbf002
010000ffff2d72ab2fd28e54d003
01800000000000003f7fffffc102
019b181706c7854617d392d0ef03
000fffffff0fffffff1ffffffe04
0600000000000000000000000004
057f9d2d767fffffff0062d28903
02ba2d3e6280000000ba2d3e6200
05f14c612c10000000e14c612c02
040007ffff000000ff0000000000
06fffffbfff571832b001fffff00
0600000400010000000000040003
0280000000ffffffff0000000003
099eab1bf4800000008000000000
05fff7ffff0001fffffff6000002
05d663bc65d663bc650000000004
07fdffffff00004000fdffffff02
03ffffffffffffffff0000000004
01800000007fffffff0000000102
01d9a14b0affffffffd9a14b0b03
04000000ff000000ff0000000004
0600000001000080000000000103
0300040000000400000000000004
00000000047fffffff8000000303
06fffbffff0000003f0000000102
0100000100ffffffff0000010101
0300000000800000000000000001
047fffffff000000080000000000
0700000007000000010000000300
0600000008000000010000000400
0600000000200000000000000003
003f722b03b6723e71f5e4697401
011acb0c951acb0c950000000004
0975b11810800000000000000001
05ffffdffffffffff70000200803
0192dabfd9e48b4eadae4f712c03
00673c6f11777de730deba564103
0440000000080000000000000000
020003ffff0000000fffff800000
0900000001feffffff0000000101
097fffffffc15698934156989301
03dffffffffffffeff0000000103
06dfcb181030fb3618000000df02
06c6495a0ec6495a0e0003192504
01000000010000001fffffffe203
06bffe1764607986300000bffe02
026d4c1d71feffffff8000000001
0780000000800000008000000004
0500000000001000000010000003
0579655de279655de20000000004
0680000000bfffffff0000000103
02ffffbffffeffffff8000000000
09000000010000007f0000000103
050000000103ffffff03fffffe03
09742f0af7742f0af7742f0af704
0800008000000080000000800004
06d7e8a7b102a83d4506bf453d02
078000000003ffffffffffffff02
02ffffff7f00000800ffffff7f02
0800000001000000010000000104
003ba4de93fffdffff3ba2de9201
08e6480794ffefffffffefffff03
0700080000000800000008000004
0100200000f7a884e108777b1f01
080007ffffd8e0a474d8e7ffff01
000ea0adad50dfe6735f80942003
073d3a74983d3a74980000003d04
01fffbffff9b6ac2b764913d4800
07000040005792e5990000000003
09e6f2d875000000000000000002
01003fffffd3a4f8472c9b07b801
06000007ff0a80439f0000000003
02c4b7f95dc4b7f95da000000004
065a0575f77944c7d90000002d03
06000007ff000007ff0000000004
0790149f10587a3825fc80a4f802
09000000201fffffff0000002003
0701000000000000020040000000
02e3a4e1ce00000000e3a4e1ce02
0408ea9e5608ea9e560000000004
0300000001000000010000000004
08fbffffffffffff7fffffffff03
073332d79affffffff0000000001
0600000001000000010000000004
00ffffffff0000800000007fff02
00fbffffff001ffffffc1ffffe02
08ffffffdf00000020ffffffff02
047fffffffb55076160000000101
00f4714778800000007471477800
067fffffff7fffffff0000000004
01580ec646580ec6460000000004
02ffffffffffffffff8000000004
04dfffffffffdfffff0000000103
03ffffffff000001000000000102
0000000003000000200000002303
03ffbfffffbfffffff0000000000
0241d74eaa20e36d76aa80000000
0400000040000000000000000000
02c48fba06c48fba0623ee818004
04fffffbffffffffff0000000103
0800000040000100000001004003
052000000014bb4dcd34bb4dcd00
010db74137000000000db7413700
050b826ade7fffffff747d952103
0400000100000001000000000004
00fffffbff00200000001ffbff02
06fffffeff00000020fffffeff02
03536a9d62536a9d620000000004
05a30d5366a30d53660000000004
0580000000ffffffdf7fffffdf03
046a89cc31ffff7fff0000000101
02e41175d400000000e41175d402
08ffffffff20000000ffffffff02
0980000000000000010000000002
07ffbfffff000000ffffffffff02
070000000289b5d1f50000000001
08a428d6505dac4ec0fdacded002
0740000000fbffffff0000000001
08000007ff3e401a983e401fff03
00d22613d4d22613d4a44c27a804
04fefffffffeffffff0000000004
0000000000ffffffffffffffff01
070000000061e5106e0000000003
0800000000000000000000000004
02ecff8da1fffffbff8000000003
0400000080000000000000000000
037fffffff7fffffff0000000004
02fffffffbc436a344ffffffb000
06ffffffdfffffffdf0000000104
084bb1b6feffff7fffffffffff01
070000ffff0000ffff0000000004
08f48b00d81b7c53cbffff53db02
030000003f8db4e5a50000000001
0400000000800000000000000101
0280000000fff7ffff0000000003
003fffffff5efc8d719efc8d7003
06974b2fcd974b2fcd0004ba5904
090a2338e607ffffff022338e600
04801e43b425cc15e10000000002
04fffbfffffffbffff0000000004
0400000000000000000000000004
04f013e322008000000000000002
04fffffff7000007ff0000000002
0500000001533425bd533425bc03
0900001fffffffffff00001fff01
07efffffffefffffffffffffff04
0800000400000004000000040004
0400001fff923d8f290000000101
0803ffffff01ffffff03ffffff00
02ffffffff00000004fffffff002
087fffffff0000003f7fffffff00
01db5385507fffffff5b53855102
04b2a0dfab000020000000000002
0554d9e3760b32a4095feb477f00
08ffffffffffffffffffffffff04
072bbbd74e2bbbd74e0000aeef04
083fffffff0000003f3fffffff00
080020000025c386ab25e386ab03
04efffffff9fe443950000000000
05ffffff7f00000001ffffff7e02
07fffffbff00000800fffffbff02
00a00e894b92c4915532d31aa000
000fffffff00100000100fffff00
077fffffff000007ff0000000000
007fffffff7ffffffffffffffe04
08555f53ef02000000575f53ef00
06ffffefff003fffff0000000102
0080000000000000008000000002
0700004000d07e035d0000000001
0300001fff00001fff0000000004
017db1aa4e7db1aa4e0000000004
020001ffff002000000001ffff03
003fffffff3fffffff7ffffffe04
076341bd75001000006341bd7500
055babd57b5babd57b0000000004
08040000008be2a47e8fe2a47e01
01fdffffff0000003ffdffffc002
07ffffffdfffffffdfffffffff04
08a772d13b80000000a772d13b00
018d4e47c7ffffffff8d4e47c803
00840d16a93fffffffc40d16a802
010000001f00200000ffe0001f03
050000000712dc8ecd12dc8eca03
03000007ff000007ff0000000004
08cd43b18b00000400cd43b58b02
07d410b8f3d410b8f3fffffa8204
08f7ffffff00800000f7ffffff02
03bbb239ef4a931c9a0000000102
0393d0c59293d0c5920000000004
05000001003bb4df153bb4de1503
07000000ff001fffff0000000003
09ab30b70427290b842320030402
07bbf0363ebbf0363efffffffe04
05fefffffffeffffff0000000004
0226833bacfffffff7d600000001
01ffffefff00000080ffffef7f02
0100000000fffffff70000000901
01007fffff00000001007ffffe00
0400000000000000000000000004
070007ffff2a95f8fb0000000003
0300000001fffffeff0000000001
050fffffff1eb421d8114bde2703
02379b42c900400000379b42c900
0981bde577000000800000000002
0000000001800000008000000101
046c85f5f9ffffffff0000000101
070000001f0000001f0000000004
0200800000004000000080000000
0700000001ffdfffff0000000001
02ffbfffff0003ffff8000000002
077fffffff0007ffff0000000000
097fffffffa456eaac2456eaac01
09ffff7fff400000004000000002
02000000010b87d6d40010000003
010000000816944315e96bbcf303
03fff7ffff200000000000000102
0702124105fffffff70000000401
0800000010efffffffefffffff01
095e395742c82b1b7b4829134201
0600ffffffffbfffff0000000001
04ffffffff000000040000000002
07000000ff000000ff0000000004
098000000034b9976b0000000002
05fffffffbffffffff0000000403
08fffdffff6b1158e9fffdffff02
06ffbfffff0000000701ff7fff02
0435a3b9a9000040000000000000
052cb37c4b2cb37c4b0000000004
0900001fff000000010000000100
09dfffffff96800f5596800f5500
0200000001000040000000000103
01eda8e62beda8e62b0000000004
037243d6ebfffffffb0000000001
09191b0ff6191b0ff6191b0ff604
09e683e81e001000000000000002
02000000009a902ec80000000001
069623afed581702540000096202
0159d99ff50000000159d99ff400
010000008000001fffffffe08103
08001fffffffffdfffffffffff01
08935f5a13ffffffffffffffff03
03ffefffff40fc38760000000102
07fffff7ff186ba6f3ffffffff02
057fffffff000003ff7ffffc0000
04aa67d150ffefffff0000000103
0600007fffb730dde4000007ff01
0403ffffff72d294010000000103
017ffffffff12a7fc88ed5803701
05001fffff001fffff0000000004
09fefffffffffffffffeffffff03
0703ffffffdaa0003f0000000001
01e62a3e5e7fffffff662a3e5f02
0400007fff7fffffff0000000103
01fffffffd10dd3764ef22c89902
067fffffff35b4cc88007fffff00
05ffffffff00000004fffffffb02
01ffffffff00000000ffffffff02
077b2fe6567b2fe656000001ec04
02edd9ae4abf0b57bf0000000000
0200000fff69192baf07ff800003
0348aba34f000000000000000000
0733782c030f0dc4f50000019b00
03f63e27baf63e27ba0000000004
00ffdffffffffffbffffdffbfe03
0900000001d39aab720000000001
0424afc1cc000100000000000000
08f10308300007fffff107ffff02
01ddbd14df7fffffff5dbd14e002
0341ae6c6b000000800000000000
09efffffff32fe421422fe421402
0707ffffff319326360000001f03
047fffffff040000000000000000
0220000000000002002000000000
07ffffbfffffffffdfffffffff03
0401ffffffffffdfff0000000101
0400000001000000010000000004
04f7fffffffbdb41410000000103
0200000004800000000000000401
020003ffff400000000003ffff03
051fffffff07ffffff1800000000
03d9fdec990000007f0000000102
08dfffffffffdfffffffffffff03
0407ffffff000002000000000000
0501c796130000000001c7961300
0200008000ffffffbf0000000001
07f4a1282df4a1282dffffa50904
09ec16b0a7f131f4d5e010b08503
08a785ead2a0db1aeca7dffafe00
0601000000000000010080000000
0900000001000000010000000104
01000080000000020000007e0000
0053622c0efbffffff4f622c0d01
0510000000100000000000000004
04ffffff7f008000000000000002
0702000000007fffff0000000000
0500000001002000000020000103
097fffffff000010000000100000
005bb4a6d25d82a849b9374f1b03
0600000000000000000000000004
0400040000800000000000000101
07001fffff001fffff0000000004
01fdffffff00001ffffdffe00002
097fffffff7fffffff7fffffff04
0701000000010000000100000004
0000000000000000000000000004
02000004003fffffff0000000003
06e4084d1dffffffff0000000103
03d9280d3ed9280d3e0000000004
010000003f0000003f0000000004
02ffdfffff00000003fefffff802
007fffffffffffffff7ffffffe01
0300100000000000ff0000000000
09e9608a79000000800000000002
08f7ffffff003ffffff7ffffff02
04fffffffeffffff7f0000000000
01fdffffff22c9669cdb36996302
0992ebf6da000100000001000002
06000010000000000f0000000000
05000fffff9f6c7d929f63826d01
01c167bf9500008000c1673f9502
07fffffffd00000100fffffffd02
07ffdfffff80000000ffdfffff00
007ff142df000000007ff142df00
0200010000da7fe3740000000001
0500001000000000200000102000
04c9a5613a32b0ef2a0000000002
0500000001f7fffffff7fffffe01
0200000003008000000000000303
017b68f9517b68f9510000000004
075a9915722c44c13f0000000000
00a03a6ee000000001a03a6ee102
07ba5a6f222e075495fffffdd202
047cf4b9cd01ffffff0000000000
03fffffbff001fffff0000000102
06416ecc076fa780aa00105bb303
018950b33fffffff7f8950b3c003
08003fffff5c664c455c7fffff03
0820e759d6b2dfb87fb2fff9ff01
0300000000000000000000000004
0100004000000040000000000004
0080000000e72bc214672bc21403
0400000000ecdfd0810000000101
02ffbfffffffbfffff8000000004
02ffffffff00020000ffffffff02
006690fe77ffffdfff6690de7601
0900000001fffbffff0000000101
02400000007bb496b50000000003
083fffffffc23f7ae2ffffffff01
0407940998000000800000000000
05fffffdff7fffffff8000020002
07b88be29f65c70922ee22f8a702
08fffff7ff7fffffffffffffff02
06007fffff007fffff0000000004
0500080000000000010008000100
065c0708165c0708160000017004
02ffffffffffffffff8000000004
0311927db7fffeffff0000000001
0500010000e5f24eabe5f34eab01
06ffffdfff00200000ffffdfff02
048000000010978b350000000002
0408481a1f08481a1f0000000004
027ffffffffffffffde000000001
057fffffff00000fff7ffff00000
03e7ee3a51e7ee3a510000000004
09007fffff007fffff007fffff04
0200000000000080000000000003
01000003ff00002000ffffe3ff03
09001fffff001fffff001fffff04
0803ffffff4000000043ffffff03
0836ca202136ca202136ca202104
08ccfb408627c5f5f3effff5f702
0180000000ffbfffff8040000103
04007fffff007fffff0000000004
0700000100001fffff0000000003
070000007f0000007f0000000004
05ffffbfff7fffffff8000400002
08ffffffef00000020ffffffef02
0000000008a6c76530a6c7653801
00ffffffbfffffffbfffffff7e04
01001fffff6ecfdf36915020c903
0000000010ae12ed1fae12ed2f01
010000002000001000fffff02003
0407ffffff00ffffff0000000000
04d9d04b2e000000000000000002
070462d9490462d9490002316c04
01ffffffdff7bf7fbf0840802000
04ffffffffffffffff0000000004
0400001fff00001fff0000000004
0070d60f5c70d60f5ce1ac1eb804
0400000001357803080000000103
09000000801058c7a90000008003
0400000000000000000000000004
0500000001000000010000000004
03dc0aca14ffffffff0000000103
020007fffffffeffff8000000001
050000001f000fffff000fffe003
09000001ff000000000000000000
03ffffffff01ffffff0000000102
0000000000000000010000000103
02bc289cd6d60fc3a95139ac0003
0900000001d8f12d560000000001
08ffdfffff0001ffffffdfffff02
02e19034f20000001f0000000002
095cb41acb794c1d165804180203
0743350018000000ff0000000000
08000fffff03ffffff03ffffff03
077ffffffffffffffb0000000f01
020c064d01ffff7fff8000000001
0731b793fd31b793fd0000000104
0100003fff000001ff00003e0000
09fffffeffb9b1fd65b9b1fc6500
00fffffffe7146c7757146c77302
047fffffffdfffffff0000000101
0191f2d307df7e98f0b2743a1703
00d7b006adbf32618396e2683000
07ffffffffffffffffffffffff04
041fffffff6180f8300000000103
04639b7b4754e1e0930000000000
01ff7fffffefffffff0f80000000
03d30062dbd30062db0000000004
0700001000000010000000100004
06003fffff025c7e8700007fff03
0500003fff00003fff0000000004
07ffffffff792b7225ffffffff02
03fffff7ffce9585cd0000000000
0902000000fffffff70200000001
05f1634f61f1634f610000000004
060000000056a419eb0000000003
08e43f8b2db1efc256f5ffcb7f00
06fe118c77fe118c77000001fc04
08000007fffffdfffffffdffff01
01b966d26600000fffb966c26702
09fffff7ff000000200000002002
04d4c29e1bfffbffff0000000103
0000000000242d843d242d843d03
06800000005f4ae9330000100002
00800000008d2a18150d2a181503
0500ffffffffff7fffff00800001
0500000100000001000000000004
0780000000576f9818ffffff8002
0700000080000000800000008004
0800000001ffff7fffffff7fff01
05ffffffefffffbfff0000401000
0000000001000000010000000204
01000001ff80000000800001ff01
0480000000000800000000000002
070f47fc5c800000000f47fc5c01
07218042140000007f0000000000
0907ffffff000fffff000fffff00
010000000000004000ffffc00003
05f7ffffff7fffffff8800000002
04000fffffffffffff0000000101
06000000010001ffff0000000003
007fffffff7ffffffffffffffe04
07ff7fffff000fffffffffffff02
00000fffff790899ad791899ac03
01ffffffff78c137ab873ec85402
09e0ae404bdfffffffc0ae404b00
01fffffdfffffffdff0000000004
0471d8288271d828820000000004
07541369e9000000021504da7a00
077fffffff003fffff0000000000
0630599a0e30599a0e0000c16604
00007fffff0000000f0080000e00
02fffff7ff00000000fffff7ff02
050000000894a3a70394a3a70b01
02ffffbfffffffbfff8000000004
01feffffff7fffffff7f00000002
08a11b10e500000010a11b10f502
05ffffffbffffffffb0000004403
01d2211bb3d2211bb30000000004
0300000008dfda7fb40000000001
0400000001fffeffff0000000101
09ffffdffffffefffffffedfff00
075ae69742001fffff0000000000
05efffffff0bf56d0ce40a92f302
00a5bda626000001ffa5bda82502
06698eb5b5698eb5b50000034c04
05ffff7fffffffffdf0000802003
050007fffffb7fdcc5fb78233a01
087fffffff080000007fffffff00
0840000000400000004000000004
0300000000234d90a70000000103
0500004000000040000000000004
030020000031e6936e0000000103
05000000077170ed097170ed0e03
080007ffff3750eb9b3757ffff03
0700000001000000010000000004
0507ffffff8000000087ffffff01
05fffffffeca0a43fd35f5bc0300
0910000000100000001000000004
07e0dcc358abdcf108ffe0dcc300
01ffffffbfffffffbf0000000004
0200000008040000000000000803
040000000f0000000f0000000004
0300080000ffffffdf0000000001
0700000000ff7fffff0000000001
0700000400381848790000000003
0500007fff00007fff0000000004
03001000000cb643050000000103
09fffffffb1fffffff1ffffffb02
02fffffefffff7ffff8000000000
02ffffffffffffffff8000000004
04ffffdfffcbc9c8c30000000000
057fffffff00ffffff7f00000000
0300000000000000ff0000000103
06ffffefff3fffffff0000000102
0702000000ffffffff0000000001
035392b956ffefffff0000000001
0500100000001000000000000004
0562acb1f49cf790cbfe5b213f01
08a6678530a6678530a667853004
0940000000000000000000000000
077fffffff7fffffff0000000004
05efffffffb00019fa5fffe60500
037588a3a1c4108af30000000001
0400100000001000000000000004
09003fffff003fffff003fffff04
097ffffffffffbffff7ffbffff01
008267edb4fffffffd8267edb103
0003fffffffdffffff01fffffe01
02a9e7d2c900000800a9e7d2c902
03fffffffffffdffff0000000000
04aa1f93f0a0b2680a0000000000
0820000000200000002000000004
03fffffffffdffffff0000000000
0200000020000000000000002000
07f75f800df75f800dffffbafc04
05ffffffffffffffff0000000004
04ffdfffff000000010000000002
022fee185fc5b9fbb3c2f8000001
06937471d9937471d90000004904
033fffffff008000000000000000
01ffff7fff00000000ffff7fff02
07e284a5d3ffff7fffffffffff03
09ab4c7f9aa05cc2c4a04c428000
027fffffff000000ff8000000000
0000000100000001000000020004
04001ffffff50c35ab0000000101
095b3a5e35000001ff0000003500
050000000472ccdfb772ccdfb303
047fffffff000000000000000000
06277d28aa0000000800277d2800
0400000002bc233cd70000000101
09b36528cd000000030000000102
02af82180a75006bf60280000002
011f0a6e4e2ccb879cf23ee6b203
0801ffffff8000000081ffffff01
04ffffffbf6420183c0000000002
04fffff7fffffff7ff0000000004
09e33f85cbe33f85cbe33f85cb04
009d1bfde09d1bfde03a37fbc004
0801fffffffffbffffffffffff01
01000000070007fffffff8000803
0299481ac399481ac3ca40d61804
0003ffffffe296554ae696554901
0700800000008000000080000004
01aa1d6e990000000faa1d6e8a02
01fffffeffa64dbeac59b2405300
06ffffffffefffffff0000000100
05ffffffbf00020000fffdffbf02
0200020000c8f0ca610004000001
04fffffffe000000000000000002
03f60477adb1af7ce70000000000
00bfffffffdcc3111e9cc3111d03
0880000000800000008000000004
0500003fffddcb7cd8ddcb432701
02fefffffffeffffff8000000004
0800002000800000008000200001
01ce36fd9e00000fffce36ed9f02
04d39f5ed2d4002ad80000000103
0200003ffffffffeff8000000001
0100001fff0b54c774f4ab588b03
017fffffff1ce6f50963190af600
0208000000080000000800000004
05ffffdfffffffdfff0000000004
0780000000000080008000000002
03001fffff0000001f0000000000
03000001ff000001ff0000000004
0400100000ffffff7f0000000101
0900000000000000000000000004
0335dc5c1235dc5c120000000004
0600080000000080000008000000
01ffffffbf00000080ffffff3f02
0808000000800000008800000001
04fff7fffffff7ffff0000000004
07fdffffff20000000fdffffff02
0300000100000000000000000000
017578c866ff0350f27675777401
00008000005690248c5710248c03
01852f2383bfffffffc52f238403
0835a6448635a6448635a6448604
01c41caa09334ef53990cdb4d002
06001ffffffffbffff0000000001
04a4ce5c19a4ce5c190000000004
09ffffdfffffffdfffffffdfff04
0400000100ba648d2c0000000101
03ba72ae975cce6f1c0000000102
07ffdfffffffdfffffffffffff04
08ffffdfffffffffffffffffff03
037fffffffffffbfff0000000001
0300000400000002000000000000
000007ffff0007ffff000ffffe04
05c1c861442118be34e0d0df7002
0500000003003fffff003ffffc03
0008e3f934c18ba926ca6fa25a01
0100000000800000008000000001
01ffffffffffffffff0000000004
006e82d38a9673983504f66bbf01
07ffffffffffffffffffffffff04
0708000000001fffff0000000000
090007ffff0007ffff0007ffff04
08feffffff000003fffeffffff02
03ffbfffff6c0540e40000000102
0100000000000000000000000004
01ffffffff00000100fffffeff02
02c98380c000000100c98380c002
09000fffff26311d8300011d8303
0000000001ffffffff0000000001
0600000000000000000000000004
05fff7ffff04b81853fb4fe7ac02
0300000080ffffffff0000000001
0511bce1987fffffff6e431e6703
0100008000000080000000000004
0600800000080000000080000003
0000008000000080000001000004
0987245da1bfffffff87245da103
07000000011fffffff0000000003
04f465925fe2ba2cae0000000000
0492280692922806920000000004
0100000001bfffffff4000000201
030000000fffffffef0000000001
007fffffff4f1cc9ebcf1cc9ea00
0800010000000100000001000004
085c38073bfdfffffffdffffff01
0600200000ffffffff0000000001
0447b439850084d1e90000000000
0200100000fffffffb0000000001
0800000010372d9382372d939203
03873db9586e0294cc0000000102
090efb00f07fffffff0efb00f003
09fbffffff60713d4860713d4802
0400010000fffffffd0000000101
06ffffefff6d8eef6507ffff7f02
0545d589c145d589c10000000004
0975412495531a8f385100041000
01003fffffffffffef0040001001
01ffffffff00002000ffffdfff02
03ffffffff74dfc09a0000000102
030007ffff0007ffff0000000004
07fbfffffffbffffffffffffff04
02ffffbfffffffbfff8000000004
0900001fff62853e0000001e0003
059efaaf99bfffffff2105506603
01dfffffff00000003dffffffc02
0304000000970706ef0000000001
0500080000800000008008000001
0200100000ffffbfff0000000001
010040000000800000ffc0000003
093e0212113e0212113e02121104
02bfffffff04000000bfffffff02
024a7a317b52a2fa4ae8c5ec0003
04000000ff7fffffff0000000103
0600001fff00001fff0000000004
09ffffffff2f3de55c2f3de55c02
05031a1ebe9177cc9b926dd22501
04ffffffff000000010000000002
08e6887bcc1240d048f6c8fbcc02
0901000000000004000000000000
0700000003080000000000000303
0600100000000000400010000000
0602000000020000000200000004
079dd61add1129fcd2ffffe77502
0300007fff00007fff0000000004
0000002000000000010000200100
0999a8b646000000000000000002
0580000000007fffff807fffff02
033fffffffffefffff0000000001
09000000017447fcb70000000103
04ffff7fff2ed489120000000002
000000ffff0000ffff0001fffe04
0300000001000000010000000004
03fffffffe0003ffff0000000102
07336aa61500000020336aa61500
022dc5bc09800000002dc5bc0901
01fff7ffffffffff7ffff8008003
08ffffbfff00000000ffffbfff02
087ecf690e7ecf690e7ecf690e04
0681e2050bbc077cfc0000000803
07d8ba2a8effffffffffffffff03
030000003f000400000000000103
0900800000008000000080000004
0108000000080000000000000004
00ffffffff000100000000ffff02
001fffffff1fffffff3ffffffe04
0300000000ffdfffff0000000001
03ff7fffff000000080000000102
04000007ff004000000000000103
08800000001fb067b79fb067b702
04900ae12dfff7ffff0000000103
07010000000000003f0000000000
04be7d47eabe7d47ea0000000004
066fc4a24dffffffff0000000001
09ff7fffff7fffffff7f7fffff02
01ffffdfff10000000efffdfff02
07000000003eb7784c0000000003
0700002000ffffffff0000000001
097fffffff7fffffff7fffffff04
0302000000020000000000000004
0400100000001000000000000004
0263b9a1af0000100063b9a1af00
01001fffff000000ff001fff0000
09f0350cce888698278004080600
09d5e37d1fffefffffd5e37d1f03
03ca7753c203ffffff0000000102
08000000011f927dc21f927dc303
09ed2c526e000100000000000002
05ffffffffffffffff0000000004
040003ffff0003ffff0000000004
08ffbfffff00000000ffbfffff02
0400800000008000000000000004
06bffffffff7c08896000002ff03
04ffdfffffffdfffff0000000004
06800000008020bcbe0000000203
02fffffff700000001ffffffee02
06790845c9ffffffef0000f21001
03fffffff7fffbffff0000000000
01fbffffffefffffff0c00000000
03d96c58c5040000000000000102
08beb0c10ebeb0c10ebeb0c10e04
01fffffffde23e57811dc1a87c00
01c36b064246d1d29d7c9933a502
07197af9ea000000010cbd7cf500
06fffffbff000001ff0000000102
04ffffffdf400000000000000002
09ffdfffff000008000000080002
021ab2d3ad1ab2d3ad5a75a00004
02ffdfffffffdfffff8000000004
033ffffffffdffffff0000000001
01ffefffff00100000ffdfffff02
000000040003ffffff040003ff03
08b3e9ff3d0007ffffb3efffff02
05dfffffffe64d126a39b2ed9503
0780000000800000008000000004
078795b99dfffff7ffffffffff03
0100020000c37568f23c8c970e01
02ffffffffffffffff8000000004
0700000020000000200000002004
0000000000000100000001000003
0680000000800000008000000004
02fffff7fffffffffbf800000003
0704000000bfffffff0000000001
0573efb5b273efb5b20000000004
022fc719bcffffffff0000000001
0500000001069d5b7b069d5b7a03
00bfffffff26294ecae6294ec902
07ecf8a3127fffffffffffffff02
042339161b4c86d7540000000103
057fffffff7fffffff0000000004
0380000000d5bf9f290000000103
04ffffffffeb8e40a30000000000
03800000003cf7e47e0000000102
0500040000000040000004400000
0623c181cf7fffffff0000000003
0980000000800000008000000004
05000000010000003f0000003e03
07000000ff8c0c9e780000000001
03fffbfffffffbffff0000000004
0900000001225260050000000103
03a17b5b354265558f0000000102
0300000001000000010000000004
026c3a2f4f0003ffff8000000000
0400000400000004000000000004
05fffffff77fffffff8000000802
010ffffffffff7ffff1008000001
02131654bc7fffffff0000000003
0920000000da647f0d0000000001
0187faf3bc87faf3bc0000000004
0708000000b5f179190000000401
0500000400ffffffdffffffbdf01
0200000001000000010000000204
0317865bfc17865bfc0000000004
05fbffffff00000003fbfffffc02
07307be522307be5220c1ef94804
000ef996a10ef996a11df32d4204
0400000001670f5d8e0000000103
03a9830a05a9830a050000000004
070007ffff007fffff0000000003
05820781da1a78fff8987f7e2202
09d3caa9d6000000010000000002
029c957e17ffffffff8000000003
02346fc722c5daf30168df8e4401
04cb7cc1062240406b0000000002
050000ffff0000ffff0000000004
07721073ec000000040721073e00
0830ef137ee3dbcf2bf3ffdf7f01
030344849bfffffffe0000000001
09ffffffbf3c835e713c835e3102
0702000000000000800200000000
077e298000feffffff0000000001
00ffefffffffefffffffdffffe04
0354e5a453000001ff0000000000
0100000001000000010000000004
01ffffffef00000001ffffffee02
00594ed0b80000003f594ed0f700
013fffffff1d6ff7b02290084f00
0501ffffff01ffffff0000000004
08474e20baa10e19e6e74e39fe01
0700200000002000000020000004
0280000000800000008000000004
08ffffffefffffffefffffffef04
0700080000fffffeff0000000001
018e61e116ffffffef8e61e12703
00c27b53346aff85f52d7ad92902
0000001000000010000000200004
085902a1ae5902a1ae5902a1ae04
0500020000000200000000000004
06ffffffffc74449a603ffffff00
021cce76530000003f8000000000
0579edf9d3861ea26ffff35bbc01
011fffffff2f49c7d8f0b6382703
0300000040000000400000000004
06fffffffbdd1a137f0000000100
0380000000e79f61be0000000103
03efffffffefffffff0000000004
008efb612e90b8ac831fb40db103
002db5a4f52db5a4f55b6b49ea04
04000001ff0000001f0000000000
063fd0c2ef8ea944f200000ff401
050003ffff97c68c1597c573ea01
03ffffffdf000000000000000102
030007ffff100000000000000103
00fc04b80d800000007c04b80d00
08ffffffdf00004000ffffffdf02
00000008006283a8206283b02003
010100000003fffffffd00000103
0000020000ffffdfff0001dfff01
0407d6eeed000008000000000000
0036b747db2cd8db986390237300
0480000000800000000000000004
074578270b004000004578270b00
040000001f39e2156a0000000103
08ffffbfffffffbfffffffbfff04
0000004000fbfffffffc003fff01
09001fffff70f8e77c0018e77c03
030001ffff800000000000000001
05e3246d91000fffffe32b926e02
0500002000000003ff000023ff00
03ffffffff9bf6286d0000000000
00000000200000001f0000003f00
0980000000ffffffff8000000003
08000040000f4ecff10f4ecff103
0800000000000000040000000403
0800000000ffefffffffefffff01
01ffbfffffffbfffff0000000004
0668c0cbe60000000068c0cbe600
031b8fd0991b8fd0990000000004
0400000000943f8eb00000000101
03efffffff2a6192a20000000102
07fa690d3a04000000fa690d3a02
0700000001000000010000000004
0501000000fffffff7fefffff701
04ffffffff259ecdff0000000002
0300000000000000000000000004
08fffffffdfffffffdfffffffd04
000000100000003fff00004fff03
0100000001000000010000000004
05000003ff003fffff003ffc0003
04e2fbcc52003fffff0000000002
0819915219199152191991521904
00c8d7b7590000000fc8d7b76802
04cb7ebf5ace05070a0000000103
05ffffffff00003fffffffc00002
077fffffff000400007fffffff00
00ccd637a5420069770ed6a11c02
03ffffffffffffffff0000000004
00ff7fffffffff7fffff7f7ffe03
0297782ff18d8000bd2000000000
0776c5552d8000000076c5552d01
0880000000ffffffffffffffff03
0500ffffff00ffffff0000000004
0800000001e745f086e745f08701
0200000000893c88950000000001
0910000000100000001000000004
00040000008681717c8a81717c01
0007ffffff07ffffff0ffffffe04
0600008000000080000000800004
0728f8f2290001ffff0000000000
05ffffffff00000020ffffffdf02
04e9770004e97700040000000004
03cdef68a2229c20b40000000102
01000007ff000007ff0000000004
050c8704da01ffffff0d78fb2500
077fffffff9a1cc3aa001fffff01
083fffffff000000013fffffff00
03a616e11e000001ff0000000102
09b9973bea000000000000000002
02f7fffffff7ffffff8000000004
0100000000456b1bbfba94e44103
0876882b200000000076882b2000
02000003ff000003ff8000000004
08d69eaa0ddb84a76ddf9eaf6d03
04bfffffff200000000000000002
03584f56b5584f56b50000000004
007fffffff7ffffffffffffffe04
0600100000282b98e20004000003
02b463b969b463b969c772d20004
08f7ffffff7fffffffffffffff02
038495b89f8495b89f0000000004
05007fffff01000000017fffff03
09000000000000001f0000000003
01ffffffffffffffff0000000004
09000008004364eea40000080003
00080000001fffffff27ffffff03
070003ffff00ffffff0000000003
078000000087dbde8efffe000003
06133b890a01000000133b890a00
0300000000000000010000000103
0641ebbb5541ebbb550000020f04
09fbe7d97ffffffffffbe7d97f03
00e65ed934fffffdffe65ed73303
017ffffffffffff7ff8000080001
09efc9cff4efc9cff4efc9cff404
09ffffdfff00001fff00001fff02
05ffcbd597ffcbd5970000000004
0800000004000000040000000404
0333f831abffffffef0000000001
0000200000a4a04461a4c0446101
017fffffff7fffffff0000000004
08d00a8305d00a8305d00a830504
02000007fffffffff7ff80000001
021aa059e5f3ef55167940000001
02ffffefffffffefff8000000004
0000000003000000100000001303
06fffffeff000000017fffff7f02
0200000001000000010000000204
0444cbb7fc44cbb7fc0000000004
00fff7ffff0400000003f7ffff02
067fffffff000000007fffffff00
0291080b008000000091080b0000
0100000001000000010000000004
0100000010ffffffff0000001101
007fffffff000000007fffffff00
00987c9983987c998330f9330604
0500000100800000008000010001
09ffff7fffffffffbfffff7fbf03
03a3eb9c1d2d35b72a0000000102
0407ffffff07ffffff0000000004
06ffffffffffffffff0000000104
06000000085237691f0000000003
06212a2782212a2782084a89e004
03ef64f353ef64f3530000000004
0500000000800000008000000001
0149041e8ae31a38f165e9e59901
0300000001000000010000000004
07003fffff043b4cfe0000000003
0133f3ffb32701dc830cf2233000
04001fffff001fffff0000000004
02c244fae7000000018489f5ce02
000000000139b3f28039b3f28103
010000000140000000c000000103
01000001ff00000ffffffff20003
01fffffeffffefffff000fff0000
07d91f0abfefffffffffffffff03
07dfa4ea650000000fffffbf4902
0008000000000000200800002000
01000000000001fffffffe000103
0269b1b6d4000007ff0000000000
02000fffff000fffff8000000004
09000fffffffffffff000fffff01
08000003ff88b44c4988b44fff01
01ffefffffefffffff0ff0000000
028d3a3c14000080008d3a3c1402
08a6cc5741ffdfffffffdfffff03
0874198e1974198e1974198e1904
0300000003fffbffff0000000001
017fffffff7fffffff0000000004
0600000fff0000000000000fff00
03ffffbfffffffbfff0000000004
0500000010000000100000000004
06d74e70ee00000000d74e70ee02
05dc456adcfffdffff23b8952303
06000000020d45daca0000000003
04007fffff000000010000000000
020000ffff21e6db3ec000000003
092f41b439bfffffff2f41b43901
015d71c3205d71c3200000000004
04130418b2000000100000000000
03fffffdfffffffdff0000000004
098000000000000fff0000000002
047fffffff5925c4ee0000000000
0600000001000000010000000004
040001ffff3fffffff0000000103
06000000017fffffff0000000003
070003ffff58b2a70d0000001f03
021fffffff000001ff8000000000
09efffffffefffffffefffffff04
0266a1d48c0000010066a1d48c00
0900000007008000000000000003
08ffffffbf9ae788faffffffff00
05e6b3f2f9935d32eb75eec01200
01fffeffff00000000fffeffff02
017fffffff40fa922e3f056dd100
098000000017bdb3b80000000002
07efdaebcb22a18241f7ed75e502
0200040000ffffffff0000000001
077ffffffffffffbff0000000001
08fffdffffc474b2e2fffdffff00
0875e714b10000000175e714b100
09d61781c5008000000000000002
0400000001ffdfffff0000000101
0900000001c9dae50e0000000001
091c185acd432b43d3000842c103
0980000000800000008000000004
07f7fffffff7ffffffffffffff04
03fffdffff000008000000000102
030000000040745d3d0000000103
04ffffffffffffffff0000000004
0600008000000000020000200000
07ffffffbff0ccd192ffffffff00
0100003fff0000000100003ffe00
0400020000000000000000000000
0893716e4593716e4593716e4504
08dfffffff40000000dfffffff02
01cf3d8054800000004f3d805400
0423c5acf523c5acf50000000004
0200200000fffffbff0000000001
016553361e080000005d53361e00
000000000100003fff0000400003
080000000195a1cbde95a1cbdf01
047fffffff9695bdbd0000000101
0700000007000000070000000004
047fffffff000007ff0000000000
03ffffffbfc03d88c00000000000
050003ffff0003ffff0000000004
09ffffffff00000fff00000fff02
0801ffffff0007ffff01ffffff00
04000000070007ffff0000000103
09f7ffffff4f6e7b05476e7b0502
05ffffff7f00000000ffffff7f02
0034ba9d46dfffffff14ba9d4501
06c23cac9f79a936e60308f2b202
09ffffefff800000008000000000
0572371e6e72371e6e0000000004
06fffffffdfffffffd0000000704
048491f6678491f6670000000004
015de7154d5de7154d0000000004
06dfffffff00000000dfffffff02
0280000000000000100000000002
06ffefffffcfeea3100000ffef00
017fffffff912b4319eed4bce601
09587b152efffffeff587b142e01
027fffffffff7fffff8000000001
0198830625000000ff9883052602
09000000048485789e0000000401
00fffffffffdfffffffdfffffe00
040000007f095cc70f0000000103
09bffffffff7ffffffb7ffffff03
09000000017e59c1440000000003
033d3e08803d3e08800000000004
050000ffff0000ffff0000000004
000001ffff5fc47a065fc67a0503
06c591c574c591c57400000c5904
04fffffbfffffffbff0000000004
08000008007fffffff7fffffff03
07000000006d572d2a0000000003
0910000000800000000000000001
027fffffff000000007fffffff00
054318398dffffbfffbce7867201
0400000001000000010000000004
0900000000fffae6fb0000000001
0500040000fffffffffffbffff01
0632f3e7490008000032f3e74900
08346c9ceb00000007346c9cef00
0000206f95ffffffff00206f9401
03fffffffdfffffffd0000000004
08ffffffefffffffefffffffef04
06512ff4d1ffffffff0000000001
066e1b66420424e1050370db3200
0500007ffffffffbffffff840001
0200000200fbffffff0000000001
08efb8d98da3e3afeeeffbffef00
0400000001000000010000000004
01000000017fffffff8000000203
01621b94aa8201ba73e019da3701
08000000008a7537678a75376701
05f6c6e54ffeffffff08391ab003
030000001000ffffff0000000103
0558b459abe2aefb65ba1aa2ce01
0300000001483c5cf00000000103
020000000fffffffbf8000000001
00bdddfe2bbdddfe2b7bbbfc5604
019ad22a3e0200000098d22a3e02
01fffffffb7fffffff7ffffffc02
05c99c5bbc006dfbe9c9f1a05502
03ffbfffff7fffffff0000000102
04abff341effff7fff0000000103
043278f9e43278f9e40000000004
08000000ff000000ff000000ff04
06416071ad416071ad00020b0304
075832c167ffffff7f0000000001
09ffff7fffbfffffffbfff7fff00
0800020000000200000002000004
03a760ecdc7fffffff0000000102
0900100000000010000000000000
000007ffff0007ffff000ffffe04
04ffffffff77ed44a40000000002
02ffbfffffffbfffff8000000004
02f5cfe4a40003ffff0000000002
0900002000800000000000000001
04bb54e357446579570000000002
007fffffff1703700f9703700e00
03fdffffff0007ffff0000000102
006cbab8466cbab846d975708c04
072de6890b2de6890b0005bcd104
0300000400ffffff7f0000000001
04ffffdfffdb32547d0000000000
0700000001fffffdff0000000001
0525425a420000200025427a4200
0000000010bfffffffc000000f01
0684afa9a284afa9a2212bea6804
001fffffffff7fffff1f7ffffe01
0503ffffff0000000203fffffd00
03000007ff000000400000000000
06000020000000001f0000000000
017fffffff001000007fefffff00
075881d68f5881d68f0000b10304
06ffffefffffffefff0000000104
09ffffff7f00001fff00001f7f02
04a61ad09f000800000000000002
070000000f2c0a83df0000000003
013abc88d63abc88d60000000004
03001fffff7fffffff0000000103
03020efa8e000001000000000000
0880000000bfffffffbfffffff03
03ffffffff2d00985a0000000102
07497ca2da497ca2da0000001204
00000000040f01b49f0f01b4a303
07710168060007ffff0000000000
0600000080bf66cad80000000001
0989e6ebff506ab88d0062a88d02
08391e732b391e732b391e732b04
010000020000000008000001f800
05ff7fffff2f4d1a01d032e5fe02
01effffffffffff7fff000080003
0481294e99400000000000000002
000001ffff008000000081ffff03
061fffffffbe25d2760000007f01
0500000008000000080000000004
0000000000000000000000000004
04ee68e0b01964d2240000000002
0100000008ba080ae245f7f52601
020000003f64bfd7771f80000003
0080000000800000000000000004
0000000000af3a1e6baf3a1e6b01
043fffffff3fffffff0000000004
07fffbfffffffbffffffffffff04
04003fffffffffffff0000000101
05efffffff00000400effffbff02
0500000002ffbfffffffbffffd01
09d2d46f2967b0c2d34290420102
0800000001ffffffffffffffff01
09ffffffbfefffffffefffffbf00
06ffdfffff0003ffff0000000102
0700001fff8000000000001fff01
0200000000000000000000000004
01000001ff000001ff0000000004
07fffffffefffffffeffffffff04
01f37043177fffffff7370431802
0980000000000007ff0000000002
081e06c0791e06c0791e06c07904
077fffffff7fffffff0000000004
0200000080000000800000008004
07fffdffff001fffffffffffff02
06ffdffffffff7ffff0000000103
000000007fd49583cbd495844a01
060003ffff0003ffff0000000004
06000fffff000fffff0000000004
07f5ce55d5ffffffdfffffffff03
09fffffeff800000008000000000
0546c012e9dfffffff993fed1601
0100400000004000000000000004
0901000000800000000000000001
0714b20b110004000014b20b1100
0004000000fffdffff03fdffff01
02fffffffe1e7e9743fffffff002
030080000092a138440000000001
0100800000008000000000000004
08000007ff000007ff000007ff04
091fffffff400000000000000003
087fffffff7fffffff7fffffff04
037fffffff000000010000000000
03b2e9ea67fffffffd0000000103
030000001079cbd1c80000000103
0302000000149dc2ed0000000103
09ac4d26ac03ffffff004d26ac02
0300002000000000010000000000
099751b54707ffffff0751b54702
07166473b4166473b40000016604
021e400c101e400c100c10000004
0500000000000000010000000103
00000007ff000007ff00000ffe04
0419a4ce07ffffdfff0000000101
07000400000001ffff0000000000
05ffffff7f04000000fbffff7f02
078f91228a00000007ff1f224502
0400001fffe85cf60f0000000101
05b5546eb40000003fb5546e8b02
06ff7fffffff7fffff0000000104
053fffffff1b9ecb612461349e00
00fffffbffabfd7b07abfd770600
079ff3ef17e15fc613fffff3fe03
0452db84c852db84c80000000004
07fff7ffff3d65a130fffffff702
0100000400efffffff1000040101
0800004000800000008000400001
097d91ae81523e6d7150102c0100
0800ffffff00ffffff00ffffff04
016ae68e986ae68e980000000004
01feffffff00000100fefffeff02
08000200007fffffff7fffffff03
0400000001000000000000000000
02ffffbfffffbfffff8000000000
00ff89f5f0ff89f5f0ff13ebe004
0700000800400000000000080003
040000000f0000000f0000000004
02fbffffffffffffff8000000003
0000003fff0004000000043fff03
01ffffefff7fffffff7ffff00002
021f33263c1f33263cc000000004
07fcbaf6c1fcbaf6c1fe5d7b6004
07e8778ca800000001f43bc65402
09fff7ffff000000000000000002
0500000001000000010000000004
04626cb7d05d6af2570000000000
02ffffbfff00007fff8000000002
06ffffffff00000020ffffffff02
0904000000c93f5e690000000001
072e8ac54695df65990000001701
08fb3e3c3d7fffffffffffffff02
02000000017aca92790200000003
01fff7fffffff7ffff0000000004
00912300ba00010000912400ba02
0700000010000000100000000004
0900004000000001000000000000
00f4a966857c857e46712ee4cb02
051753ab133b4cdbf72c1f70e403
08003fffff003fffff003fffff04
0600000001000000040000000003
08bb977c80ffffffffffffffff03
00fffffffffffffffffffffffe04
054950247225fbcf316cabeb4300
0000000001000000010000000204
0731929fea7fffffff0000000003
020000000f0000000f0007800004
07373a3884b485f6f70000006e01
0386d861d67fffffff0000000102
08ffffffdfffffffdfffffffdf04
06202b684600000fff0000000000
0200000080000000000000008000
0580000000000100008001000002
020110d211020000000110d21103
04fffffeff000000040000000002
077dd1761a7dd1761a0000001f04
05ffdfffff800000007fdfffff00
06e7d613cce7d613cc000e7d6104
06000000009c6bf0a20000000001
03fdfffffffffffffb0000000103
076c8c642f6c8c642f0000d91804
0274099ee9ffffffff8000000001
0107ffffffccf97d083b0682f701
05fffffffefffffff70000000900
0000000040000800000008004003
010007ffff00007fff0007800000
06000000005022263c0000000003
0700000004000100000000000403
0000ace8280000007f00ace8a700
08000007ff000007ff000007ff04
007229a13b80000000f229a13b01
071488c75cbac943d30000029101
096c4b8564000000010000000000
04d5c297a0000000010000000002
00582eb6a400000000582eb6a400
09ffffffff000001000000010002
0800040000fdfffffffdffffff01
02ffffffff7c58e019fe00000002
080000ffff000800000008ffff03
029e7952d2feffffff0000000003
0800000001bc5f7c2ebc5f7c2f01
0400001000c7609d6e0000000101
00000100000000001f0001001f00
0704000000040000000400000004
00d6a77cf4d6a77cf4ad4ef9e804
05fbffffff7aa9b954815646ab02
02000000009a7f64d70000000001
0800000000000000000000000004
03000400000fffffff0000000103
090bd80da7ea7b46280a58042001
0635c130e7ff7fffff0000000001
047fffffff82a324590000000101
060000100090c5831c0000000001
01000fffff0001ffff000e000000
07ffffffffffffffffffffffff04
04000000ff000000000000000000
000001ffff0001ffff0003fffe04
02feffffffffffdfff8000000003
03fffffbfffffffbff0000000004
0300000001fbffffff0000000001
076806a99b643808950000034000
03fffffdff000000000000000102
0900400000004000000040000004
057fffffff01ffffff7e00000000
070d36a7c40d36a7c400d36a7c04
00ffffdfffa90e8d82a90e6d8100
097fffffff800000000000000001
07bfffffffbfffffffffffffff04
090000000f100000000000000003
0501000000fffdfffffefdffff01
0900000008000000080000000804
068dd5d8e15dd5e81c0000000802
021ec2343cffffffff0000000001
06ffdfffff000000031ffbffff02
0500000200800000008000020001
0901ffffff074b4d56014b4d5603
0400040000feffffff0000000101
02ffbfffff80000000ffbfffff00
0798561b4398561b43f30ac36804
0001000000000800000108000000
07c8b8e862c8b8e862f22e3a1804
0380000000020000000000000102
01c11486dac11486da0000000004
0000000000efffffffefffffff01
0000000003000000030000000604
04000008002b53fbb40000000103
0033f90a6b33f90a6b67f214d604
0500000080000000040000008400
01ffbfffffffbfffff0000000004
081fffffff261649e03fffffff03
010000100057d3a359a82c6ca703
050000000040ecb75440ecb75403
09c64ab933feffffffc64ab93303
097fffffff7fffffff7fffffff04
0101ea3e1301ea3e130000000004
01004000007fffffff8040000103
05ffffffffffffffff0000000004
0900ffffffffffffff00ffffff01
020001ffff81b411d0ffff000001
02f1e592c3000000038f2c961802
0300000010000000100000000004
00ebcb1a040000000febcb1a1302
0225329b6f25329b6f4db7800004
04000000017fffffff0000000103
058a930d068a930d060000000004
0980000000800000008000000004
05200000009920caceb920cace01
0500000007000000070000000004
0700000004000000000000000400
09001fffff118404ff000404ff03
0120000000e539ee8a3ac6117601
0000000008f2ac28a6f2ac28ae01
01f2b4feab00000007f2b4fea402
0303ffffff000000000000000000
03fd148e7cfd148e7c0000000004
090000ffff6eb8b3cd0000b3cd03
0000010000000100000002000004
0600000fff3a3c8fe1000007ff03
0800010000000000800001008000
0600000040000000000000004000
08d076b9f696521299d676bbff00
0104cd2939ffffffff04cd293a01
0800004000fffffdfffffffdff01
020008000000001fff0000000000
001d6e9d181d6e9d183add3a3004
02400000001ac05df10000000000
070007ffff000000000007ffff00
09ee673b02ff7fffffee673b0203
0500000002000000000000000200
03fad8622cfffffff70000000103
0600000001000000010000000004
041fffffff001000000000000000
0400000000cdf7dd830000000101
0469426103694261030000000004
083a3a4d7bdfffffffffffffff01
0700000007000000010000000300
049a48237fffffffff0000000103
0300000001000000010000000004
0380000000800000000000000004
0500000010cdab0f78cdab0f6801
06ffffffbff2629bac000fffff00
09fffff7ff683decb8683de4b802
03fffbfffffdffffff0000000000
0000400000004000000080000004
05f7ac45ae2abd70c4dd11356a02
030fffffff081d92010000000000
01ef8a0752ef8a07520000000004
00ffbfffffffffffffffbffffe03
0640000000000000070080000000
08000000013b527a9e3b527a9f03
0104000000040000000000000004
000bab6b1ada59e247e6054d6101
06519ad52d7fffffff0000000003
047fffffff800000000000000101
03ffffff7f6bb6cf730000000102
0479b877c1a1a9a2a70000000101
0223caa8e9c5a4abfe4000000001
077b36765f7b36765f0000000004
037fffffffffffffff0000000001
02800000007989018b0000000002
079c64a5949c64a594fffff9c604
073ffffffffffffff70000007f01
0923c8ef85dd7ff10b0148e10101
04ffffffef000000000000000002
09ffffffff800000008000000000
0200000100000001000000010004
050007ffff000000020007fffd00
0700000007ffffffff0000000001
058cc5ef83ffffffff733a107c03
04fffffbffffdfffff0000000000
0400001000000010000000000004
090fffffff9b4108710b41087101
018a2bf13cffdfffff8a4bf13d03
0703ffffff8000000003ffffff01
06fffff7ff0000000f0001ffff02
08baf4b9ddffefffffffffffff03
0302000000020000000000000004
0380000000a4a1f0350000000103
070000ffff0000000100007fff00
031d3aec0a52a1fc010000000103
03000007ff100000000000000103
00fffbffff00000001fffc000002
0202000000020000000200000004
060cf8d265627a51600cf8d26503
01fff7ffff7aa487d98553782602
00fff7fffffff7ffffffeffffe04
050020000037b9c2603799c26003
012650a46780000000a650a46701
0900000000000000000000000004
0600040000000000010002000000
084f2485eaffffefffffffefff01
02ff7fffff40000000ff7fffff02
0800000800572fd4f0572fdcf003
09fc3688e3fc3688e3fc3688e304
08ffdfffffa7009cb7ffdfffff00
080007ffff0007ffff0007ffff04
0700010000000100000001000004
08aa65f081aa65f081aa65f08104
0783538ce000000001c1a9c67002
093517323a3517323a3517323a04
0974bda566fffbffff74b9a56601
0000007fff65f41db365f49db203
09dfffffffdfffffffdfffffff04
01ffffffffffffffff0000000004
0600000003000000030000000004
002b3750e72b3750e7566ea1ce04
06bf88e82e7fffffff0000000102
09ffefffff6e346c796e246c7902
03000000019a47b4730000000001
0280000000721c47bc0000000002
01ffffdfff03fffffffbffe00002
0669d45d870000000700d3a8bb00
033ef0fb55800000000000000001
00000007ff80000000800007ff01
021fffffff001fffff8000000000
000001ffff0001ffff0003fffe04
087fffffff9d73c400ffffffff01
0500000fff0002000000020fff03
04000400000fffffff0000000103
05fadeac38720e2ae788d086df02
047fffffff7fffffff0000000004
0400000001000000010000000004
08f189b49000000001f189b49102
01bfffffffbfffffff0000000004
00000003ff00020000000203ff03
003b3916c83b3916c876722d9004
0900000001b7931d080000000001
04ed5ea3f0ed5ea3f00000000004
04fffffff7639ab7a70000000002
0300000000000000000000000004
059eeea5289eeea5280000000004
040001ffff8f9473450000000101
027fffffff7fffffff8000000004
008d133c31000008008d13443102
0700002000f7ffffff0000000001
0980000000fffffffe8000000003
0200003fff0000400000003fff03
08f80b627fffffbfffffffffff03
04fffbffff353f2a270000000002
0000000000800000008000000001
083fffffffc9ba3715ffffffff01
04fffffdff000008000000000002
06812c357affffdfff0000000103
09ffffffff000000010000000102
0594a9b122ffffff7f6b564e5d03
06c08d93cac08d93ca0030236404
00000000043ba748c03ba748c403
03402b9c35020000000000000000
091090eb21d4abf2991080e20101
0127ecf25200001fff27ecd25300
05ffffffffffffffff0000000004
02f1bc2c79f1bc2c79f200000004
0980000000000040000000000002
08000000ff0000007f000000ff00
0800000000000000000000000004
0900002000ffff7fff0000200001
0516dca813a51a28adb3c680be01
0514158448141584480000000004
09dfffffff9f263f209f263f2000
02aa7272010000000154e4e40202
0807293864072938640729386404
04800000003aa7c3f30000000002
0700001000bfffffff0000000001
0800000001875224368752243701
0700020000000003ff0000000000
0700040000000400000004000004
00dfffffffffffffffdffffffe03
07fffffffb00000001fffffffd02
09fbffffff989aa645989aa64500
067fffffff00001fff0000000000
036603e15d800000000000000001
0800003fff8000000080003fff01
0300004000000040000000000004
06ffffffefffffffef0001ffff04
0207ffffff6eca59fbf800000003
06ffffff7fffffff7f0000000104
04ffffffefffffffef0000000004
039d3d0fb69d3d0fb60000000004
03000000000000003f0000000103
07800000007fffffffffffffff02
04c98f0c5cfffffffb0000000103
046ac66be0000800000000000000
0400000000000000020000000103
07400000000007ffff0000000000
0054704984fffbffff546c498301
060000000f0000000f0000000004
059db2fc4f800000001db2fc4f00
07003fffffdfffffff0000000001
000000001f0000001f0000003e04
09e398c34c43b151744390414402
06ce660dd220000000ce660dd202
01ffffffffffdfffff0020000000
0961d7d840a683e0752083c04001
0100ffffff01ffffffff00000003
057099a1f1ffffffff8f665e0e01
01fffffffdfffffffd0000000004
020001ffff000000010003fffe00
0600000400000004000000040004
04ffffffffffffffff0000000004
09e37b0ed600000fff00000ed602
05001fffff4b7ba4c74b645b3803
06c2921aaa00003fff0000000102
0100200000002000000000000004
07ffffffdf00004000ffffffdf02
09169186cb800000000000000001
09ae33a1bb00ffffff0033a1bb02
08ffffbfff454d75e2ffffffff02
00fffbffff00800000007bffff02
03111656f2800000000000000001
05ffffffdf00000001ffffffde02
050007fffffffffffffff8000001
077fffffffffffffff0000000001
07ffdfffff00000020ffdfffff02
05f7fffffff7ffffff0000000004
03000000020003ffff0000000103
08e1e790bf25eb0483e5ef94bf02
0338661846020000000000000000
000000001f000fffff0010001e03
07ceb3bd51f7ffffffffffffff03
062f5dc27affbfffff0000000001
0680000000800000008000000004
030000001f7fffffff0000000103
0107ffffff07ffffff0000000004
02000020000000007f0000000000
04010ede047fffffff0000000103
0000000000000000000000000004
043d305d527fffffff0000000103
04000000ff000000ff0000000004
0200003fff00003fff8000000004
077f7ddc0e000000007f7ddc0e00
079bec57309bec5730ffff9bec04
0300000000000000000000000004
03e41884747fffffff0000000102
09fffffffffffbfffffffbffff00
05ffffffffffffffff0000000004
08001000009482e31b9492e31b01
03000007ff000007ff0000000004
0800000004800000008000000401
073c72518900000003078e4a3100
0580000000ff7fffff7f7fffff03
090000010064f04fc00000010003
05ffffffffffffffff0000000004
04fdfffffffdffffff0000000004
01e82c6662fffffff7e82c666b03
013ab2ea0f3ab2ea0f0000000004
00ca8243887fffffff4a82438702
000000003f0000003f0000007e04
070000000100000fff0000000003
0725d021daffffffef00004ba001
08a274e790a274e790a274e79004
0043e81aa943e81aa987d0355204
03abafd596ed9d89e50000000103
0300000fff0000001f0000000000
043f6f548ced9f69af0000000101
0804000000986961649c69616401
0507ffffffffffeffff800100001
01000001ffffffbfff0000420001
0480000000800000000000000004
0120000000000000011fffffff00
0523c21d2a23c21d2a0000000004
0200000040939f8e4a0001000001
01fffffdff00002000ffffddff02
08fa3280292f129765ff32976d02
08000000017fffffff7fffffff03
06fffffffbfffffffb0000001f04
08fefffffffffffeffffffffff03
0800004000008000000080400003
0200000007000400000000000703
0300040000000400000000000004
0180000000800000000000000004
075ed41a0f83a78bc6017b506801
05fffffffffeffffff0100000000
0002000000000000100200001000
00aeba9aab800000002eba9aab00
0338a6ce44421ce2090000000103
0400008000000100000000000103
03000000ffffffffff0000000001
057fffffff194ef5c566b10a3a00
0501fffffffffffffffe00000001
01fbffffff000001fffbfffe0002
09003fffffbfffffff003fffff01
03ffff7fff000000000000000102
0609dd29b7ffffffff0000000001
060001ffffa283320e0000000701
070001ffff000000010000ffff00
0900ffffff010000000000000003
0261c33e9c000001ff0000000000
03c168e1a43ab304890000000102
062be6548eba1406d1000015f301
067fffffff08e87b9a0000001f00
0400007fff8069c3710000000101
0135b7377635b737760000000004
06fffbffff376214831fff7fff02
0800000fff00000fff00000fff04
0920000000608641872000000003
053cfab3edffbfffffc3454c1201
08800000009ad97c389ad97c3803
06de1bebf2e39066ab001bc37d03
0400200000000000010000000000
0700004000000040000000400004
041b62a44afeffffff0000000101
0300000100000000020000000000
02ffffffbfffffffbf8000000004
06ffffffbf939b216c000fffff00
007caca9e21bb4a37098614d5200
0400008000000080000000000004
03dff7cfe7dff7cfe70000000004
02ffdfffff80000000ffdfffff00
030000000ffffffff70000000001
02837a761d837a761da000000004
087fffffff000000027fffffff00
018853f9f58853f9f50000000004
0225513f0f0100000025513f0f00
0900ffffffb00d33c7000d33c701
013e0142c08f22c963aede795d01
082562d359007fffff257fffff00
090000200084c2b9d60000200001
03765c9410765c94100000000004
0200000000e288d2180000000001
06cd819b24ffffffff0000000103
0000000080008000000080008003
04292d36a7f86f3dc10000000101
08feffffff00100000feffffff02
03400000002aeaae1f0000000000
07fffffff700000001fffffffb02
0707ffffff07ffffff0000000004
0800100000001000000010000004
067fffffff000008007fffffff00
037ffffffffdffffff0000000001
075bf830050f03b7a405bf830000
09dd1d42a3000000010000000102
076a6f4d136a6f4d1300000d4d04
0900000001000000010000000104
08099f7aed099f7aed099f7aed04
070000000178833cac0000000003
01ffffbfffffffbfff0000000004
0201ffffff003fffff8000000000
067fffffff977946b5000003ff01
042a64d2ed112fa3fb0000000000
09040000000000007f0000000000
012c2a29d20000000f2c2a29c300
0500000007ffffdfffffffdff801
01dfffffff7fffffff6000000002
0911fefd4bd44eb522104eb50201
0200000400fffffbff0000000001
010080000000004000007fc00000
0477ebbed277ebbed20000000004
099468a3e49468a3e49468a3e404
09615b97e6e44b011e604b010601
01eb83e1357fffffff6b83e13602
0400002000000004000000000000
0300000100fffdffff0000000001
09724dd6607fffffff724dd66003
054000000080000000c000000001
01efffffff00001000efffefff02
0000000001000000010000000204
0000000001000000010000000204
06400000007fffffff0000000003
000007fffffffffffe0007fffd01
0552ff1a4252ff1a420000000004
02fffffeff00200000fffffeff02
02d3330644fbffffff0000000003
09e1e78c0de1e78c0de1e78c0d04
057a7f2a0e7a7f2a0e0000000004
061a147bcd6646a59100000d0a03
0903ffffff000000000000000000
09fefffffffefffffffeffffff04
05000200000007ffff0005ffff03
064fe8a2b8ffffffff0000000001
02fffff7ff00000080fffff7ff02
06000003ff00000000000003ff00
09df680884df680884df68088404
0870d99837ebdd2550fbddbd7701
00fffffffbfffffffbfffffff604
0870bc2a81fffffefffffffeff01
01c5f0405fc5f0405f0000000004
0000000001ffffffeffffffff001
0103ffffff0000007f03ffff8000
02716aa599716aa5993200000004
07000001ffffffffff0000000001
010002000001000000ff02000003
0800000000000000000000000004
04fffffeff7fffffff0000000002
03a8d02229eb29223f0000000103
07000000002b980e030000000003
04fff7ffff000003ff0000000002
0480000000800000000000000004
085d4c9d455d4c9d455d4c9d4504
096fdac9af6fdac9af6fdac9af04
02001fffff00000000001fffff00
0345f7f34d45f7f34d0000000004
0790f1da7190f1da71ffffc87804
01dfffffffffdfffffe020000003
03feffffff000000040000000102
03ee2154727fffffff0000000102
02000000010000003f8000000003
0700ffffff00ffffff0000000004
0500000010004000000040001003
0266241a780000080066241a7800
083f9e0f79016ce1cd3ffeeffd00
0000000000ffffffffffffffff01
007fffffff3de7edddbde7eddc00
09cd0a157bdfffffffcd0a157b03
0700000001000000010000000004
098000000003ffffff0000000002
0780000000800000008000000004
00236ccdbb281facc54b8c7a8003
043106be92ffffffff0000000101
004107d362001000004117d36200
05ffff7fff000007ffffff780002
000000000f004000000040000f03
0900000000ffefffff0000000001
093c83ba4b3c83ba4b3c83ba4b04
00ffffffdfffffffdfffffffbe04
0300002000000020000000000004
000001ffff800000008001ffff01
019b35bf709e68e319fcccdc5703
0880000000000000408000004002
07fff7ffff20000000fff7ffff02
0480000000060753780000000002
05003fffff00010000003effff00
05a149bb8d7fffffffdeb6447202
010000008000003fffffffc08103
0500000004000000040000000004
0800000080000000800000008004
05020000004582df114782df1103
02000000ff80000000000000ff01
09fffff7ff41099e0d4109960d02
06ffffffbfffffffbf0000000104
06aa01ab0ffffffffe0000000203
0068645360000000006864536000
070200000064439cf60000000803
0800001fff5686659156867fff03
08fffffeff20000000fffffeff02
09fffffbffd88075e9d88071e900
014c91aed94c91aed90000000004
000000003f000000400000007f03
07832f8028a1bc5531ffffc19703
06b2a4ce9a33f894a40b2a4ce902
05837854f65bb122fbd8c9760d02
0134df103a44d82896f006e7a403
0700800000008000000080000004
010000000000000001ffffffff03
01ffffffff20000000dfffffff02
0700001000040000000000100003
004fd46805ce90f1171e65591c01
03000000004b19417a0000000103
09ddbb663e07ffffff05bb663e02
0700000001d6ec70c90000000001
09800000006dc5b9350000000002
00007fffff0000100000800fff00
05ffff7fff70ee84af8f11fb5002
0207ffffff000000010ffffffe00
0600000003800000000000000301
08f5cadd60f5cadd60f5cadd6004
09ffffffff72c6f56872c6f56802
02efffffffefffffff8000000004
02052bb16b905925c795d8b58001
0100000010fffffffb0000001501
093e5aa2dd3e5aa2dd3e5aa2dd04
017fffffffffffffff8000000001
037fffffffffffff7f0000000001
0321f8dd6d21f8dd6d0000000004
00ffffffdf00000800000007df02
06f12c7eb2fffff7ff0000000103
026b4b7abf1cec10ff8000000000
0100080000000800000000000004
0803ffffff03ffffff03ffffff04
03c42cb4037f3136ac0000000102
032e72cdcc000000020000000000
004b6d1d374b6d1d3796da3a6e04
08fffffbff00000001fffffbff02
03ffffffffd6e075f40000000000
0680000000800000008000000004
07ffffffffeab630e3ffffffff00
010001ffffffffffff0002000001
09ffffffdfffffffdfffffffdf04
040000000089101f9c0000000101
01e78ce87de78ce87d0000000004
009a481c85142f0ad0ae77275502
00ffffffffffffbfffffffbffe00
0482beb1d482beb1d40000000004
0500000000e131e953e131e95301
00ffffffbf7fffffff7fffffbe02
0900000020000000000000000000
0187076b2a300ba0ad56fbca7d02
02ec7f09570000001f8000000002
0174ec212c74ec212c0000000004
0180000000800000000000000004
0145d9ff720000000145d9ff7100
0900000000aa3170e60000000001
013b2661e1fffeffff3b2761e201
0320b831d2000000000000000000
083fffffff020000003fffffff00
060003ffff004000000003ffff03
05000000014e9b08774e9b087603
0602000000ffffefff0000000001
08e7cfe77be7cfe77be7cfe77b04
000000ffff00003fff00013ffe00
063dbec486fe2049a403dbec4801
03bbb76f9bbbb76f9b0000000004
00fb096a60fb096a60f612d4c004
06fffeffff94c6157c0000000f00
0800010000040000000401000003
03f2876e71f2876e710000000004
097fffffffbc53d21b3c53d21b01
035426812d9f250e280000000001
0200000fff07ffffff8000000003
007fffffff0000200080001fff00
0500000001000000010000000004
08ffffefffffffefffffffefff04
09d6a4b9060000001f0000000602
09c097bb5d000002000000020002
0700200000f056419a0000000001
0828d5f8a20000000128d5f8a300
09ad01ef609e0ef4968c00e40000
020000003f5f930eac0003f00003
04000000010000ffff0000000103
06ffefffff00000080ffefffff02
05fff7ffffd7a9fcbe285e034100
063fffffff00000008003fffff00
01e1c9466bfff7ffffe1d1466c03
06ffffffff00000400ffffffff02
028ad9a92faa98b3dabc00000003
02d2767a3da19e6bc73b3d1e8000
09bfdfadfcf68d4096b68d009403
00ca1a6ec7254b9e07ef660cce02
05fffeffffffefffff0011000000
086c9391fd6c9391fd6c9391fd04
039b9f1fc39b9f1fc30000000004
07cb5c641d00000008ffcb5c6402
05fff7ffff5f91801da0667fe202
06000001ff000001ff0000000004
04ffffffdfffffffdf0000000004
02e3f6bbffbbd77abf8000000000
00de03aa1c8340ff106144a92c00
08fffffffbfffeffffffffffff00
0080000000deffe52c5effe52c03
03ffffff7f200000000000000102
00ffffffff000000400000003f02
000000001f800000008000001f01
08f7ffffff08000000ffffffff02
080000ffff0000ffff0000ffff04
0578c919e078c919e00000000004
02ffffffff8816ada2fffffffc00
0100010000000000020000fffe00
093c7cec5f000020000000200000
0904000000040000000400000004
0001fffffffffffff701fffff601
052fae5e1680000000afae5e1601
09fffffffbc93a599dc93a599900
023b1953f4fffffff7fa00000001
00fffdfffffffffffbfffdfffa03
07b0fe58d400000020b0fe58d402
05fbffffff00000040fbffffbf02
08fdffffff00000002fdffffff02
097eeecfd47eeecfd47eeecfd404
03630f0bad630f0bad0000000004
05c82e598de4beb7a12c90ee2c03
0200000002000000020000000804
009ecbf9d3800000001ecbf9d300
04efffffffffffffff0000000103
0100000003704a97e08fb5682303
09b135a750ff7fffffb135a75003
06ffffffff7fffffff0000000102
060000003f0000003f0000000004
09ffffffffffffffffffffffff04
04fffeffff121a95df0000000002
050000ffff0000ffff0000000004
03efffffff0000ffff0000000102
0802000000fc8f859ffe8f859f01
0300000001000001ff0000000103
01000007ff7fffffff8000080003
05fffffffb00000000fffffffb02
05ffffffff6f87940c90786bf302
044091f8364091f8360000000004
0900000020000000200000002004
0507d6231a7fffffff7829dce503
023d25e14a7fffffff0000000003
04ffffffdfffffffdf0000000004
032cbbe71c3189a3210000000103
0600000000a30774a70000000001
0300200000125a3c070000000103
0453d460d9000100000000000000
03fffffffffffff7ff0000000000
06ffefffffffefffff0000000104
0600004000d31fbd430000080001
010080000000000800007ff80000
000003ffff0003ffff0007fffe04
06000001fffffdffff0000000001
027fffffffffffffff8000000001
01ffffff7fffffff7f0000000004
0200000000000007ff0000000003
080000ffff000000010000ffff00
02000003ff00000040000003ff00
0000000fff0000000000000fff00
0700000000000000000000000004
02ffffff7f066e0531fefe000002
03ffbfffff040000000000000102
097fffffff7fffffff7fffffff04
00be809a406b30e10f29b17b4f02
0704000000040000000400000004
04ffffffffffffffff0000000004
0800001000040000000400100003
09d1b681d4d1b681d4d1b681d404
08feffffffffffffffffffffff03
00ba65b4ed00010000ba66b4ed02
00ad69ca6dad69ca6d5ad394da04
0420000000200000000000000004
03ffff7fffffff7fff0000000004
04fffffbfffffffbff0000000004
0310000000efffffff0000000001
0180000000800000000000000004
0200010000040000000001000003
02efb057dcefb057dcc000000004
06ffffffff7fffffff0000000102
047c05a2f1800000000000000101
0627ea29fb7fffffff0000000003
06ffffffff00000400ffffffff02
0800008000000002000000820000
0080000000800000000000000004
01efffffff00000001effffffe02
04e1f444a3e1f444a30000000004
0100400000004000000000000004
09000fffff0000003f0000003f00
031a5e215efffffeff0000000001
00ffffffff00007fff00007ffe02
077fffffff7fffffff0000000004
080007ffffb0070155b007ffff01
0400000001000000000000000000
0200400000004000000040000004
006b9dc88000000fff6b9dd87f00
09fffffff7001000000010000002
0903ffffff03ffffff03ffffff04
070e988a04ff7fffff0000000001
02452040d35352f86c040d300003
04668b8cec007fffff0000000000
05ffffffffffffffff0000000004
09ffffffffffffffdfffffffdf00
027aa7b659000000207aa7b65900
0163b21fe647ca31171be7eecf00
04bd3e4811000000010000000002
02fdffffffdd9d1cd0ffff000000
0800000000640314d2640314d203
07ff7fffffeb96705fffffffff00
04087076bb96ea1e450000000101
0000000000000000000000000004
06b59e85b000400000b59e85b002
0000010000000100000002000004
0500000002e40e21bde40e21bf01
008000000026748571a674857102
038ea0e2d98ea0e2d90000000004
0700000002000000020000000004
0063bfa44187497023eb09146401
056cce630e000000006cce630e00
07e046ff7d07ffffffffffffff02
079d930ad59d930ad5fffffcec04
050000ffffffb5883dffb577c201
09e1de729d000000010000000102
0400000001c21da4f20000000101
0521923a5defffffffce6dc5a201
00ffffffff0001ffff0001fffe02
02a1290f5fafe691b9be00000003
0200100000001000000010000004
02aaefdda000200000aaefdda002
066054807dff7fffff0000000001
07003fffff31a59eea00000fff03
03c0323233ffffbfff0000000103
0700003fff8000000000003fff01
0500000100000001000000000004
01408a88ef1a7efe0d260b8ae200
017fffffff7fffffff0000000004
047cac24a439a5b4080000000000
07ffffffbf000fffffffffffff02
0100000000000000000000000004
01ffbfffff00000001ffbffffe02
06f74294360000000800f7429402
089378b9770513e278977bfb7f02
02e837d9f8e837d9f8f800000004
0406c144e8fffffffd0000000101
06ed8fc1f9000fffff0000000102
08105a3cd56c2ba8927c7bbcd703
04001fffff800000000000000101
0300000001ffffffff0000000001
00b6fbc2648000000036fbc26400
01dfffffff7fffffff6000000002
09fbfffffff1017b46f1017b4600
020000001f0000001f8000000004
04ffffffffffffffff0000000004
0600003fff00003fff0000000004
09ba6ccc5d03ffffff026ccc5d02
010e419b0f0e419b0f0000000004
0440000000001000000000000000
05fff7fffffff7ffff0000000004
03000040001fffffff0000000103
01fffdffff1fffffffdffe000002
02000000017fffffff8000000003
047fffffffbc6a59c40000000101
03fbffffff000000040000000102
0600000100000001000000010004
0810000000100000001000000004
083b17145a0000001f3b17145f00
0100000020000000010000001f00
070fffffff5c2467890007ffff03
030000000138bcacee0000000103
09fffff7ff7fffffff7ffff7ff02
0000001000495089454950994503
04ffffffff753eebb70000000002
087fffffffdc413c48ffffffff01
0200001000000000101000000000
03a259baae7fffffff0000000102
0800000001000000010000000104
00ffbfffffffbfffffff7ffffe04
07da3767ccfffffeffffffffff03
0600004000bfffffff0000000001
057fffffff000000017ffffffe00
031074fde50000007f0000000000
057fffffffe22d65b59dd29a4a01
0100000001000000010000000004
0100001000000008000000080000
0600001000000010000000100004
027203e3337203e3331998000004
0927898ee7002000000000000000
0500000040ff7fffffff7fffbf01
05342ab6c6342ab6c60000000004
05a4642bcb00000020a4642beb02
03fd02a176f7ffffff0000000000
07000000000003ffff0000000003
0507ffffff07ffffff0000000004
03ffffbfff800000000000000000
0500ffffff00000fff00fff00000
00ffbfffffffbfffffff7ffffe04
0497ea01a6343886250000000002
03ffffffffffffffff0000000004
094f5d8d984f5d8d984f5d8d9804
03ffffffffffffffff0000000004
01fffefffffffeffff0000000004
030003ffff706fcdbb0000000103
09fffffffb200000002000000002
0003ffffff543191035831910203
0700000001000000010000000004
08d1e3878e00000800d1e38f8e02
05000000107fffffff7fffffef03
04a2e1b401f8fa1c480000000103
0840000000ffefffffffefffff01
09000000072872eaf60000000603
099328b9d89328b9d89328b9d804
07369eacaf000000040369eaca00
02ffffffffd343b080ffffffff00
01bbbd29d5c1f55c6bf9c7cd6a03
026cc074286cc07428c074280004
0500003fff0000000000003fff00
03a4f87fc8a4f87fc80000000004
08fffeffff007fffffffffffff02
09f5fcbb460000ffff0000bb4602
06000200002eb0a5d10000000103
02bbd08cd000000100bbd08cd002
063ed89761fbffffff0000000001
09ef60ef27ef60ef27ef60ef2704
017fffffff80000000ffffffff01
05000000021037344d1037344f03
0700000001000000010000000004
0659faea4bffdfffff0000000001
04cce89e5ecce89e5e0000000004
037fffffff6c2d7e030000000000
01fffffffdfffffffd0000000004
03ffdfffff000000010000000102
0300ffffff00ffffff0000000004
020000000188089fc50000002001
03f7ffffff000000400000000102
034e048974000040000000000000
0100000001000000010000000004
06fffff7ffbbbf336603ffffdf00
0400010000000100000000000004
07d6ed7753007fffffffffffff02
07000200007befe3350000000003
00e78de070ffffdfffe78dc06f03
001930a6ea000000081930a6f200
05ffffff7f01fffffffe00008002
0280000000800000008000000004
01e0d62045794550f06790cf5502
03efffffff143437ba0000000102
0400007fff100000000000000103
0501ffffff01ffffff0000000004
040bae416f2d0ca7040000000103
069362af3d00003fff0000000102
0900000000000000010000000003
03ffffffdf200000000000000102
0680000000800000008000000004
02caf6086bcaf6086bb043580004
0300800000148be8450000000103
04fbffffff010000000000000002
0858be8abbfffefffffffeffff01
08dcada3a1ffefffffffefffff03
030000003fb712d0190000000001
07000001ffffffefff0000000001
05678eb3ed45bb63bb2235d05600
040000007f16ce405e0000000103
011aec9f43f12deef229beb05101
09fffeffff000008000000080002
010000000100000200fffffe0103
077fffffff007fffff0000000000
04ffffffffffdfffff0000000000
0140000000fffffbff4000040101
067fffffff000000013fffffff00
0480000000800000000000000004
0100000000800000008000000001
0580000000670241d6e70241d602
08d2d972379c4807c2ded977f700
04fffffdfffffffdff0000000004
03feffffffd33201f20000000000
00dfffffffdfffffffbffffffe04
06000000013131a2880000000003
04ffffffffffffffff0000000004
0100000080fffff7ff0000088101
010007ffff7fffffff8008000003
00309f23e400001fff309f43e300
04fffffffdfffffffd0000000004
02007fffff848d1d51fffe000001
02b399406eb399406e501b800004
03e0510513000000010000000102
0200000000000000070000000003
0280000000000000ff0000000002
020000000145b803750020000003
0400004000ffffff7f0000000101
04d867be7dffffffdf0000000103
03e0e2d867e0e2d8670000000004
0500001fff007fffff007fe00003
0740000000000007ff0000000000
01ffffefff9699317d6966be8200
03ffff7fffffff7fff0000000004
027007644eaf2b474807644e0001
025b28ca775b28ca773b80000004
00ffffffdf00000400000003df02
07aaaf4292aaaf4292ffffeaab04
0560888211608882110000000004
06bfffffffce6cfd9d0000000503
06f81af8ae82f1cce701f035f100
00ffffbfff00000001ffffc00002
06a0ce81e27669d65f0000000102
02fffffffbfffffffbd800000004
08e32edc1afc88a67dffaefe7f03
034674ed5e00007fff0000000000
057fffffff7fffffff0000000004
073885789c3885789c0000000304
0600100000001000000010000004
0400001fff001fffff0000000103
097fffffff000000040000000400
086f1321b730c6c02a7fd7e1bf00
04ffffffbf001000000000000002
0940000000eddf32d04000000001
017b7d4347000007ff7b7d3b4800
0600000fff00000fff0000000004
0600000001000000010000000004
07ffbfffff00040000ffbfffff02
06fffffdff00000080fffffdff02
060adeba0373b5820b00015bd703
0400002000ab05af910000000101
0155da0e890002000055d80e8900
0645a480e845a480e80045a48004
067b54134a7b54134a001ed50404
0000000001b068edc0b068edc101
0007ffffff07ffffff0ffffffe04
03c4c3da59ffffefff0000000103
011b20ec4cfffdffff1b22ec4d01
0080000000800000000000000004
02ec5cd9a959619e058b9b352002
03000fffff000000020000000000
02fffffeffffffffff8000000003
020000100000003fff0000000003
03ffefffff0fb7d09d0000000102
0100000100000001000000000004
071a864d9e1a864d9e0000000004
0900080000003fffff0008000003
05800000003fffffffbfffffff02
07ffffffffb247c7f6ffffffff00
09ffffffff040000000400000002
09000003ff10dd76d2000002d203
02000100001fffffff0000000003
091e5e838803ffffff025e838800
05d168f99200000100d168f89202
05ffffffff8a947be2756b841d00
030f194221000080000000000000
0802000000020000000200000004
0600000001712e321a0000000003
0900000001000000010000000104
049ed0e4b1800000000000000000
0400000000000000000000000004
0208000000ffffffff0000000001
0700000001800000000000000101
010000000f000000000000000f00
05fffffffe00000200fffffdfe02
037141a4a200003fff0000000000
0963e1597863e1597863e1597804
06a2aca482000fffff0000000102
0580000000000000038000000302
03bbd3ab4901ffffff0000000102
0900000001000000010000000104
0644e091b5e1ca734d0002270401
0202000000fffffbff0000000001
07ffffff7f9a84205fffffffff00
0300000000003fffff0000000103
0600007fff0000000000007fff00
0500000fff15b7898715b7867803
0100000000000000000000000004
05000001ff000001ff0000000004
060000ffffc921687c0000000001
060000000f0000000f0000000004
0700000080feaff9520000000001
05fffffffd551c7719aae388e402
0265fb4351ffffbfff8000000001
040003ffff000007ff0000000000
06e1d9d7ace1d9d7ac000e1d9d04
04fffbffffefffffff0000000000
0220000000fffffbff0000000001
00c1e1198a00080000c1e9198a02
0208000000080000000800000004
0516e89bdd0003ffff16eb642200
0500000003df7cbf39df7cbf3a01
0300100000d6fd3bae0000000001
01bfffffff00002000bfffdfff02
0116d0fe900000000116d0fe8f00
03ffffdfff0000000f0000000102
0761d76c9a61d76c9a0000001804
0200000001000001ff8000000003
07feffffffe5aa8edcffffffff00
03502bc72b08b7dd7c0000000000
050aa6440d000000010aa6440c00
06ffffdfff00000400ffffdfff02
0580000000800000000000000004
012877053a7fffffffa877053b03
0800080000cc225926cc2a592601
067fffffff0000003f0000000000
0980000000383825e50000000002
030ffffffffdbcc0110000000001
06e867372c0007ffff0000000102
08ffff7ffffffbffffffffffff00
000cec02ce0cec02ce19d8059c04
070000007fffffffff0000000001
025b4fe768000004005b4fe76800
018e02fbac34a6d2d5595c28d702
0700000040004000000000004003
08ee96c198bfffffffffffffff00
06ffbfffff000000031ff7ffff02
0219c907520000200019c9075200
041000000000e6fcc90000000000
04fff7fffffff7ffff0000000004
0000008000000800000008800003
0772066ac972066ac90039033504
048a10e7b4639e5f8a0000000002
050000003f000800000008003f03
08046757eefa3c35d5fe7f77ff01
040fffffff00007fff0000000000
0500000010000000100000000004
01439c0bdcbb2755088874b6d401
093bb84f25080000000800000000
00000000018cb8db668cb8db6701
087fffffff000000407fffffff00
0300000000800000000000000001
054ee7ffba4ee7ffba0000000004
0900000003000000000000000000
07fffffffe10f9d955ffffffff02
05c49e41460622d908c2bc984e02
077fffffff000000007fffffff00
00ffdfffffffdfffffffbffffe04
05ffdfffff00000003ffdffffc02
09000000100000007f0000001003
04fffbffff000007ff0000000002
080000000f000008000000080f03
0100000000398f01a6c670fe5a03
00ffffffff000800000007ffff02
06eb53bb0680000000eb53bb0600
08ffff7fff00000001ffff7fff02
010fffffff3209a932ddf656cd03
0945b2525307eb243d05a2001100
06400000008c99bd604000000001
0600800000008000000080000004
07001ffffffbffffff0000000001
04d0dd2ea3d0dd2ea30000000004
09008000008014c4180000000001
037fffffffcafd4e6e0000000001
0200008000000080000000800004
080000000f0000000f0000000f04
0900000040000000400000004004
02a444ae8f00000100a444ae8f02
09ffffffffff90595bff90595b00
090008000062b1304f0000000003
0200000000ffffffff0000000001
00effffffff7ffffffe7fffffe03
0300001000000010000000000004
08feffffffb5189c35ffffffff00
09ffffffeffffbfffffffbffef00
06c73ddd68ffff7fff0000000103
05fffff7ff7fffffff8000080002
020000003f00000003000001f800
06fefffffffeffffff0000000104
04fffffdff000003ff0000000002
03f56b2fd087d005b30000000000
0479051159000004000000000000
098443b4f3d17de8d48041a0d003
0100000001000000010000000004
0800000001000200000002000103
072991ff6836c91e4c0002991f03
08ffffffdfe9df3e2affffffff00
07ffffffffcc90887fffffffff00
08fbffffff82a72550fbffffff00
0580000000800000000000000004
02fffffdff27613e967fc0000002
0900000040fffdffff0000004001
0902e7f5cb000000070000000300
009b610dd3800000001b610dd300
07a621106affffffffffffffff03
03f7ffffff000002000000000102
0700000004000000010000000200
04000001ff59590e390000000103
06b9168c68000000ff0000000102
005bf50e09956be3e8f160f1f101
095819734d007fffff0019734d00
05fffff7ff3d9d37e9c262c01602
079d8b8e829d8b8e82e762e3a004
0200000000000fffff0000000003
0900000020ffffffdf0000000001
040000000100001fff0000000103
00000000007fffffff7fffffff03
02fffffffe00000040fffffffe02
0100000080fffffdff0000028101
0481758eaa81758eaa0000000004
01fffffffffffffdff0000020000
0900003fff00003fff00003fff04
03fffbfffffffbffff0000000004
04fffffbff008000000000000002
06fdffffff000000017effffff02
0803ffffff03ffffff03ffffff04
090ba817060ba817060ba8170604
03ffffffff003fffff0000000102
013d2857df038b8c40399ccb9f00
04fffffffeffffffff0000000103
06ff7fffff00100000ff7fffff02
0000000010000800000008001003
0037b912140000000137b9121500
07315b5d8c00100000315b5d8c00
06aaed19411547b3b90000005502
06b901416f94fde93a0000002e00
051f0d3b141f0d3b140000000004
0024d647ea01ffffff26d647e900
0980000000800000008000000004
050001ffff000000010001fffe00
0901ffffffe576c9f70176c9f701
056895d881fffbffff976e277e01
010000000100000100ffffff0103
0786709caa051b70bdfffffffc02
0737c78e11ffff7fff0000000001
04fffefffffffbffff0000000000
01d33291941e971340b49b7e5402
09917a4bfecb0659038102490203
0000000001000002000000020103
0500000001800000008000000101
06fffff7fffffff7ff0000000104
0115edefb615edefb60000000004
03000000013bd336b10000000103
05ffffffff0003fffffffc000002
0403ffffff03ffffff0000000004
01ffefffff0003ffffffec000002
0600000007000800000000000703
07dcb5ec7570cdfc38ffffffdc02
05000000203a4798073a47982703
01800000007fffffff0000000102
0734fdc6b334fdc6b30000069f04
07255eb92b1eec34a600957ae400
0000000010fbfffffffc00000f01
0880000000000000008000000002
030000000012ad06cd0000000103
07000001fffeffffff0000000001
05800000004a6e436cca6e436c02
058f225cf500001fff8f22430a02
05197ccbfafdffffffe483340501
01fffffbfff88120a8077edb5700
0501000000f53bfe0bf43bfe0b01
03ffbfffff00000fff0000000102
0755028f04b6b4eab5000002a801
00000007ff338f8382338f8b8103
0200100000001000000010000004
0400000000000000000000000004
0708000000277018a10400000003
0200000001000000010000000204
06ffffffff00003fff0000000102
046250e43b6250e43b0000000004
0603ffffff03ffffff0000000004
050000010000001fff00001eff03
078b052b5c8e2bb356fffffe2c03
03fdffffff000000010000000102
0700000000000000000000000004
04861e4e4effffffff0000000103
07360292617fffffff0000000003
0200000010000000000000001000
029be615959be61595b2a0000004
0680000000441665540000080002
02cd1f754a3f7387ecf754a00002
01e8e51bfe00400000e8a51bfe02
0680000000800000008000000004
0579b2c54af6899c108f3b595a01
05aea957f5aea957f50000000004
0700000080000000030000001000
01efa4d075efa4d0750000000004
0900000001800000000000000001
0400008000001000000000000103
02fffdffffffffffff8000000003
08feffffffc5838d0cffffffff00
049fd47f774b30792e0000000002
069e65e4737fffffff0000000102
080001ffff000000400001ffff00
09fffffefffffffefffffffeff04
0657d89df00000040057d89df000
00ffffffdf7c049d517c049d3002
0300003fff0001ffff0000000103
0200001000000000010000200000
0000080000000000030008000300
0487d9b4c9100000000000000002
0000000000000000000000000004
057fffffff000000017ffffffe00
081d440dc81d440dc81d440dc804
0700400000004000000040000004
0997e22c9397e22c9397e22c9304
00ee97cc1a00200000eeb7cc1a02
040003ffffff7fffff0000000101
007fffffff0087368b8087368a00
0280000000000000010000000002
09a8c40163a8c40163a8c4016304
070007ffff0007ffff0000000004
02fff7ffff6a26f092fffc000002
01187bf21a03ffffff147bf21b00
07bab898c500007fffffffffff02
06fffffffbfffffffb0000001f04
04000000400001ffff0000000103
01040000000000000203fffffe00
04ffffffffefffffff0000000000
0200000001fdffffff8000000001
00fb0aeac1fb0aeac1f615d58204
067fffffff7fffffff0000000004
0200100000000800000010000000
0700000100000001000000010004
0038f01651000003ff38f01a5000
091cd2f81603ffffff00d2f81600
09fefffffffefffffffeffffff04
02b199226b80000000b199226b00
02fffffdffffffffeffeff800003
087fffffff000000007fffffff00
053ef8cc90fffffffbc107336b01
04dfffffffdfffffff0000000004
087fffffff7fffffff7fffffff04
06ffffffbf0000ffff0000000102
07fffffffefffffffeffffffff04
03ffbfffffec7eda3a0000000000
061c5f68b5ffffffff0000000001
036d9ce42c001000000000000000
08d4fce492d4fce492d4fce49204
0000001000100000001000100003
053ffffffffffbffffc004000001
0580000000000000088000000802
0500000001ffffffefffffffee01
06acb7ede22fbd56ca002b2dfb02
0400020000000010000000000000
04040000000003ffff0000000000
0900000400007fffff0000040003
06000001fffffffdff0000000001
0600000001800000000000000101
06b11162bab11162ba0000002c04
0531400d6431400d640000000004
08ff7fffffff7fffffff7fffff04
097fffffffefffffff6fffffff01
059680db1b800000001680db1b00
02d9d7eea5d9d7eea53afdd4a004
0900000000000000010000000003
0900000000000040000000000003
04fffbffffc9d3a3ed0000000000
04000100007fffffff0000000103
06fffffffb8584e43400000fff00
0600000001000000010000000004
06222cd3a4222cd3a40222cd3a04
045b53f807000000000000000000
01080000000000000807fffff800
0804000000040000000400000004
0994a958c3000000010000000102
00fffffdfff3848f15f3848d1400
0113b58b2b000007ff13b5832c00
067fffffff000004007fffffff00
094000000070790d2a4000000003
08977892a400000fff97789fff02
0627a6a49827a6a4980000002704
097fffffff7fffffff7fffffff04
064cb3eb0e540ac7060132cfac03
05ffffffbffffeffff0001004000
0200000007007fffff8000000003
09ccc915daccc915daccc915da04
08d4f6072600001fffd4f61fff02
0340de5337a522a0850000000001
08ffffbfffffffffbfffffffff03
005010b0fefffffbff5010acfd01
0100000001d5f8175c2a07e8a501
06afe10da00000000800afe10d02
04fffffff71fffffff0000000002
0555f2abd3af84527bfa76f9a801
080007ffffffff7fffffffffff01
0262094ad628f8e91bb000000000
068fac856e000008008fac856e02
02ffffbfff80000000ffffbfff00
06e632d53b00000800e632d53b02
0900003fff7fffffff00003fff03
00fffeffff400000003ffeffff02
07c3931658c3931658ffffffc304
080ffffffffffffeffffffffff01
013fffffff000800003ff7ffff00
0500000fff0008000000080fff03
0010512e02b7b5ef9ac8071d9c01
0680000000800000008000000004
0000000007e2e72c72e2e72c7901
08ffffbfffffffbfffffffbfff04
0305656c13efffffff0000000001
0100003fffffffffff0000400001
05ffff7fff7a50f28c85af8d7302
06fffdfffffffdffff0000000104
04000007ff000007ff0000000004
030001ffff0001ffff0000000004
09800000009fc9a9d48000000003
0933211173ffbfffff3321117301
0607ffffff0800000007ffffff03
00fffbffff3fffffff3ffbfffe02
00d6f11a7f14c37066ebb48ae502
05000800000000ffff0008ffff00
01000800009d71908d62966f7301
04fffffffe000004000000000002
0700000000d17008cc0000000001
0000007fff00007fff0000fffe04
000003ffffbe2db1c8be31b1c701
02fbffffff7659c6fcf000000002
0184de18b400400000849e18b402
08f7ffffffffffffffffffffff03
0900000001ffffffff0000000101
02000000ff000000ff8000000004
0804000000ffffffbfffffffbf01
0700000000e6bb1cc70000000001
007fffffff7ffffffffffffffe04
0596c23dec4babaf22dd6992ce02
072e1b67fac02ab327005c36cf01
00af3c8b9a0081c8e4afbe547e02
0520000000001000002010000000
0200040000b833e53e0000000001
0000000002ffbfffffffc0000101
0500003fff00003fff0000000004
010000000300001fffffffe00403
0659351a7cffffffff0000000001
0800000080000000800000008004
070f1ea09dea7ebafe0000000001
072a1c97af800000002a1c97af01
0701000000000000ff0000000000
02ffffffff80000000ffffffff00
0809327a9d003fffff093fffff00
0180000000800000000000000004
07ebad55f1ebad55f1fffff5d604
0100004000ffffffff0000400101
0037d0fe020000003f37d0fe4100
01fffdfffffffffefffffe010003
00800000007e3f5513fe3f551302
0600020000ce4468c20000800001
05fd69f484fd69f4840000000004
03000000037fffffff0000000103
031d55d7166a0d0d3c0000000103
03000000073be9129c0000000103
03003fffff6547e1620000000103
0788949abbd6d6361efffffffe03
081f028a5e1f028a5e1f028a5e04
0307ffffff03ffffff0000000000
07dfffffffdfffffffffffffff04
05cf9a3722ac8338db63190ff900
05ffffffff00200000ffdfffff02
05c4c02d47c4c02d470000000004
06a3d8b7ebfbffffff0000000103
0977134797000000000000000000
04df666def01ffffff0000000002
0773e055cdcd3c064073e055cd01
07ffffffffffffffffffffffff04
0400000001000000010000000004
01fffffbff3112e672ceed158d02
014e957987000000404e95794700
0886c690c3dfffffffdfffffff03
000a4901710a490171149202e204
04000001fffffffffd0000000101
060000007f0000007f0000000004
04fff7ffff000000000000000002
0500000001fffffffffffffffe01
08800000003fffffffbfffffff02
00e3d4e3c700000100e3d4e4c702
04e0ad5ceae0ad5cea0000000004
077fffffff0003ffff0000000000
0700000007861adf2f0000000001
08000000206ecc4b926ecc4bb203
0122aeea6d0200000020aeea6d00
07fffffeff00007fffffffffff02
020000003ffffffdff8000000001
0673a4cfa9e200000601ce933e01
08800000000000001f8000001f02
07fffffbff20000000fffffbff02
08ff81ac47ffefffffffefffff03
08ffffefffffffffffffffffff03
00fffffeff0000007fffffff7e02
0000080000e00210a2e00a10a201
07147781b380000000147781b301
08def22ee8def22ee8def22ee804
04ec92e00d0000003f0000000002
07c30713d8000fffffffffffff02
0001ffffff01ffffff03fffffe04
08200000006ba48be16ba48be103
030ee0cfffffffbfff0000000001
0000000001000000020000000303
02fffffbffd1a9807de000000000
060007fffffffeffff0000000001
0233405c5000001fff0000000000
0013ed61b07fffffff93ed61af03
084a436a5100000fff4a436fff00
093ffffffffffeffff3ffeffff01
0300010000000000010000000000
002b390f3c13c84db63f015cf200
060000000100007fff0000000003
0040000000400000008000000004
07ffffffdfffffffffffffffff03
085ca67c1f000040005ca67c1f00
0000080000000800000010000004
0600000000000400000000000003
04fffff7fffffff7ff0000000004
046497530d6497530d0000000004
05000000ff000000ff0000000004
040565c322000000400000000000
0600000040000000400000004004
014b688245bab3ab7f90b4d6c601
02109032bc00010000109032bc00
087ffffffff7ffffffffffffff01
0228e346068000000028e3460601
01c4466e6ac4466e6a0000000004
0100003fff8000000080003fff01
09ffffefff0000001f0000001f02
05feffffff800000007effffff00
06000003ff8071eae30000007f01
0880000000000000208000002002
07fa76623890a1c041fd3b311c00
057fffffff000000077ffffff800
0600000001000000010000000004
0080000000a8b48a6d28b48a6d03
0500000004000000040000000004
0500000000ffffffffffffffff01
07c8dc014a7fffffffffffffff02
030000000fe8335c6b0000000001
0900004000ffffffff0000400001
03ffefffff0000ffff0000000102
088f4fb27b8f4fb27b8f4fb27b04
06c7172da2c7172da231c5cb6804
0916ff6b6116ff6b6116ff6b6104
0680000000000100008000000002
04000007ff000000030000000000
02fffffdff0000003f8000000002
051fffffff100000000fffffff00
0400200000338abedd0000000103
008afdea838afdea8315fbd50604
03ffffffffffffffff0000000004
04ace478c9ace478c90000000004
03002000004e3f8fb10000000103
009ee1bc840fffffffaee1bc8302
03000020009ca3567b0000000001
017fffffffa03cf3dadfc30c2501
0200040000000400000004000004
06f9d78ba1f9d78ba17cebc5d004
06ffff7fff00040000ffff7fff02
0700100000001000000010000004
0100000400000002000000020000
0800004000000000000000400000
0780f63c34fffffffbfffffff003
0732fe8f8e000003ff0000000000
004594046a4594046a8b2808d404
078e67efbb00000001c733f7dd02
0040000000400000008000000004
0300000001fffeffff0000000001
02ffffffefffffffeffff7800004
091037ec77000000400000004000
05f8cc6c309fe27d81672e11b100
065a96a8ef002000005a96a8ef00
04ffffffff000000010000000002
0400000fff00000fff0000000004
0900000000112c9a030000000003
082c0992c3f2c46109fecdf3cb01
0050014dff949881b6e499cfb501
06efffffff8ef47d0701dfffff00
0800004000000040000000400004
0100000001fffffffd0000000401
04ffffefff800000000000000000
08000003ff000003ff000003ff04
0300000000000000000000000004
08bfffffff80000000bfffffff00
0301ffffff0fffffff0000000103
04fdfffffffdffffff0000000004
091fffffff000000010000000100
05ffefffff9b3715fd64d8ea0200
09d8068b3cd8068b3cd8068b3c04
08000000070451f53c0451f53f03
0200100000000000010020000000
0100000000ba791f924586e06e01
04f64641f4f64641f40000000004
030000000f0000000f0000000004
03800000005e7469a50000000102
0380000000000000ff0000000102
0047793a6247793a628ef274c404
0400200000bfffffff0000000101
0400000001000000010000000004
03ffffffff000200000000000102
0302000000040000000000000103
047fffffff7fffffff0000000004
02ffffff7fffffff7f8000000004
080fffffff7fffffff7fffffff03
0408000000fffffff70000000101
01f79ba904a1bdf3a055ddb56400
0737255cc9ffffff7f0000000001
06001fffff8f2cc4d90000000001
0500000000fffdfffffffdffff01
03ffffff7f000000010000000102
01bc410203bc4102030000000004
027fffffff7fffffff8000000004
04ffffffefffffffef0000000004
0200400000004000000040000004
08ffffdffffffffffeffffffff03
066e723fa46e723fa406e723fa04
01003fffff003fffff0000000004
012144f8f60fffffff1144f8f700
08000000012f52809a2f52809b03
0801ffffff01ffffff01ffffff04
0588292506000000018829250702
095245ff14ffdfffff5245ff1401
0740000000400000004000000004
063a1a8121000100003a1a812100
0580000000125437f5925437f502
0772fd805172fd80510000397e04
0100200000002000000000000004
07000fffff3fffffff0000000003
0401000000010000000000000004
03d6c73894d6c738940000000004
02000000ff04000000000000ff03
0780000000800000008000000004
05fffffffbfffffffd0000000603
040fffffffac96ca200000000101
05f7fffffffffffffb0800000403
0803ffffffb129c52bb3ffffff01
01c94bf030fffff7ffc94bf83103
0520000000200000000000000004
08fffffbffe217e8b2fffffbff00
06007fffff5e53e4fb0000000003
0800000020a0fb3e1ca0fb3e3c01
0200000001000000010000000204
078412d6b38412d6b3fffff08204
013fae12b4200000001fae12b400
02ffff7fffffff7fff8000000004
01ffefffff7ae40601850bf9fe02
0641d4ae5f4b64827f0000000003
05000001ff02000000020001ff03
0240e4128d40e4128d8251a00004
0419bd615919bd61590000000004
05ffffff7fffffff7f0000000004
05fffeffffad6b31245295cedb00
0549a756e00000008049a7566000
099bcaefa0000008000000080002
00d49e5c4cd49e5c4ca93cb89804
0245e6f41a000000018bcde83400
0912f727eb800000000000000001
0200000000400000000000000003
013fffffff000000013ffffffe00
0502000000ffffeffffdffefff01
070000000fbe1836cf0000000001
0200000001000000010000000204
0500000001000000000000000100
010001ffff0001ffff0000000004
03fffff7ff200000000000000102
0894ca9f598e6c41449eeedf5d00
026f936f07cfc2e0df8000000001
0700010000fbffffff0000000001
02fffff7ff7fffffff8000000002
07ffffffff7e791555ffffffff02
08fffffbff58613585ffffffff02
014143a91e4143a91e0000000004
0200000001000000010000000204
07384513c93320ba3f0000000000
08fdfffffffdfffffffdffffff04
08001ffffff526cbfbf53fffff01
09000000010000000f0000000103
07ff7fffff8a9c6e21ffbfffff00
09000000ff000000ff000000ff04
06fffffffffeffffff0000000100
0414d841a4ffffffff0000000101
06bd7f2ee500001000bd7f2ee502
07000000800001ffff0000000003
06d60496dcb70e5598000000d600
008000000000003fff80003fff02
0607ffffff07ffffff0000000004
0700000000000000000000000004
0923e15f27d1142ab601000a2601
097fffffffbed67ca93ed67ca901
05fffffffdfffffffd0000000004
0580000000ffffffff7fffffff03
05fffffffefffffffe0000000004
073fffffffbba7f0a307ffffff01
0200000020000000200000002004
0840a80ffbc44cc4d8c4eccffb01
057ffffffffffffbff8000040001
011000000000007fff0fff800100
09706fa4a1008000000000000000
0300003fff266753280000000103
0700000080ffffffff0000000001
01bfffffff00000001bffffffe02
0200000080cce72bef0040000001
0000000000beeb97aebeeb97ae01
032df9265e2df9265e0000000004
0080000000f9fefd7a79fefd7a03
027fffffff7fffffff8000000004
06000000ff00040000000000ff03
044e1aed36ffbfffff0000000101
0000000800800000008000080001
09531a81da000000ff000000da00
078e7c2ca28e7c2ca2e39f0b2804
03000000073fe020af0000000103
08be2cfdb9ffffffffffffffff03
0800000040e2985379e298537901
017fffffff000000017ffffffe00
0000000001000000010000000204
0200000004000000080000040003
05007fffff48b0282d48cfd7d203
04fffeffff762732f90000000002
00a33748b20007ffffa33f48b102
044e2939a44e2939a40000000004
0804000000126022561660225603
04268c00b8554606070000000103
0200000001ffffffff8000000001
07cd631059d1d8004dfffe6b1803
0300000040000000400000000004
07ffffffff00000000ffffffff02
07ff7fffff003fffffffffffff02
0400000000100000000000000103
07af09b6e300003fffffffffff02
01fff7fffffff7ffff0000000004
04ffffffdf4e42e19d0000000002
02000020007fffffff0000000003
053beeb4e53beeb4e50000000004
08ffffdfff00000010ffffdfff02
01fffffffd5c8df511a3720aec02
01fff7ffff3cc1081dc336f7e202
0700000040000000400000004004
04000001ff000000010000000000
080001ffff645b4ea8645bffff03
08eca02093eca02093eca0209304
01fffffff7fffbffff0003fff800
0500001fff1deb07791deb188603
00b1ffd798b1ffd79863ffaf3004
0400000003000000030000000004
0100000001000000010000000004
0700000003d8e9c8950000000001
01ced26c7e4200e4cf8cd187af02
0200000001912c42d40010000001
05c6cd85b28000000046cd85b200
0210000000100000001000000004
0638e7da558bb63a89001c73ed01
01800000007bfcd7c50403283b02
050000000f0000000f0000000004
0780000000800000008000000004
01b689bcd3ba431076fc46ac5d03
0500000004066be578066be57c03
040c374562fffbffff0000000101
0888b907f70000000088b907f702
086db27239fdfffffffdffffff01
087fffffff7fffffff7fffffff04
040000000007ffffff0000000103
0880000000800000008000000004
090001ffff000800000000000003
060000007ffdffffff0000000001
01000002007fffffff8000020103
03ddc5f01dfff7ffff0000000103
085917566e000000005917566e00
0200000001040000000000000103
047fffffff000fffff0000000000
0300040000000400000000000004
057cbd7ccafff7ffff834a833501
08da69cf4500000001da69cf4502
05dfffffffdfffffff0000000004
04000000011b094ec10000000103
06ffff7fff4b33a0ba0000003f02
0580000000fffffffe7ffffffe03
0580000000fae807fd7ae807fd03
0172d18ce0ffffffff72d18ce101
06fffffdff00000000fffffdff02
01ffefffffffefffff0000000004
01dfffffff00c382c1df3c7d3e02
02000008000007ffff0000000003
0700000080000001ff0000000003
076ef145ba6ef145ba0000001b04
0700001fff00000003000003ff00
010000ffff000040000000bfff00
0445579e4345579e430000000004
03ffffffffffffffff0000000004
0450ecb99a50ecb99a0000000004
027fffffff11b05136ffc0000000
0580000000800000000000000004
08fbfffffffbfffffffbffffff04
08b3cab06fa51b25f9b7dbb5ff00
01ffffffff00200000ffdfffff02
08ffffffff80000000ffffffff00
090020000022cf9fb10000000003
0700200000000004000020000000
0576de6563ffff7fff89211a9c01
0110000000ffffffff1000000101
0900000001000000000000000000
05ffffffef000001fffffffe1002
0139e413e0e2aecba15735483f01
06ffeffffffeffffff0000000100
07000000030000003f0000000003
0573adf1a073adf1a00000000004
02fbffffffffffdfff8000000003
090007ffff0fffffff0007ffff03
0083a3a10d83a3a10d0747421a04
08ffffffff00000001ffffffff02
070000000098e86eb50000000001
05000000010000003f0000003e03
07fffffffffffffffeffffffff00
0310000000100000000000000004
085218dc09a991122dfb99de2d01
08ffdfffffffdfffffffdfffff04
07f442bf93f442bf93fffffe8804
049e90e608552ef1a10000000002
087b800ca7ac7588b4fff58cb701
05180aef3200000008180aef3a00
01bfffffff90619a062f9e65f900
020001ffff000000010003fffe00
0100020000000200000000000004
010000000100080000fff8000103
0500000020000000040000002400
07ffffffff486e6e93ffffffff02
047ffffffff1ee4a5b0000000101
08701f910200000001701f910300
0900000008000000080000000804
04ffffffffffffffff0000000004
05d46b61b30000000fd46b61bc02
09efe12f7b000000400000004002
070003ffff010000000003ffff03
08dc2e96a7ffffffdfffffffff03
0848489269e397be47ebdfbe6f01
005c00304bac1f31a8081f61f301
0400000001000000010000000004
05f4b3ea93aee1d4705a523ee300
09da2cee10efffffffca2cee1003
0400000003000000020000000000
080000000fffffffbfffffffbf01
040d5dbfc10d5dbfc10000000004
04000000010000000f0000000103
0100001000000010000000000004
051fffffff1fffffff0000000004
07bad56495fba06924fbad564903
01000000ff1fffffffe000010003
0400000000efffffff0000000101
0155b8665855b866580000000004
02ffffffefde69c219de00000000
04b1e95014b1e950140000000004
058d5a2217800000000d5a221700
01ffffffffbacdf2b245320d4d00
0500000000000000800000008003
0300000001010000000000000103
08260524697fffffff7fffffff03
0100000020000000200000000004
04c5ba7b8a12f25e760000000002
07fffffbff95b119b3ffffffff00
0500100000000000000010000000
01001fffffdfffffff2020000001
05fffffdffa3d52fdb5c2ad22400
00ffffffff9e21f29f9e21f29e00
02a671f3c5a671f3c5ce3e78a004
09dfffffff020000000200000002
00ff7fffff41bb8bc6413b8bc502
08fa2f128e07ffffffffffffff02
0202000000000000000200000000
08dfffffffdfffffffdfffffff04
05fffffdfffffffdff0000000004
08ffff7fffffff7fffffff7fff04
06fefffffffeffffff0000000104
0200000800d0e72e8d0100000001
09ffffffff815c9f9f815c9f9f00
09ffffffdf3da9c7413da9c74102
006b72882c000000806b7288ac00
0100001fff9e7cb8fb6183670401
0959871276c1b1667f4181027601
01000008007fffffff8000080103
05008000000040000000c0000000
04b8d7575e000200000000000002
05ffffff7fffffffff0000008003
0611c3a5c7fbc65e790000000801
0000800000000400000084000000
0500000001fffbfffffffbfffe01
08d068f055d068f055d068f05504
02071fda330000007f8000000000
0600000001000000010000000004
090000010020921e0f0000000003
0200000fff00000fff8000000004
06a4a998cea4a998ce000292a604
050000003f07ffffff07ffffc003
0700000040000000400000004004
075878badc7fffffff0000000003
03e4c624e3000200000000000102
01818e86c6007fffff810e86c702
00ff7fffffff7ffffffefffffe04
08ffffffffffffefffffffffff00
01ffffffffffffffff0000000004
0536265014000000013626501500
0380000000800000000000000004
095e47c2b4ffffffef5e47c2a401
007fffffff000400008003ffff00
07fff7ffffffffffffffffffff03
08000007fff7fffffff7ffffff01
08ffffffffb9f3ff2effffffff00
02000000007fffffff0000000003
0441daa49eb7f8faf70000000101
09ffffffffffffffffffffffff04
097fffffff000000000000000000
00ff7fffff00000fffff800ffe02
0400200000000000100000000000
03fffffefffd4d49e90000000000
02869889510003ffff8000000002
019be6cd4e7d5ec6fa1e88065402
077fffffff2b9093bc0000000700
057fffffff0003ffff7ffc000000
048ab1a8b8100000000000000002
07000000011783ca110000000003
08027973f500000000027973f500
0143adf8f443adf8f40000000004
010000000f0000000f0000000004
07000000017fffffff0000000003
03ff7fffffff7fffff0000000004
05e47213d9e47213d90000000004
070fffffff0000003f0000000000
05ff7fffff7fffffff8080000002
02295b513773e750a2a56d44dc03
08003fffffefffffffefffffff01
0840000000400000004000000004
0600000000000000000000000004
070000007f000020000000007f03
0818c8f5d318c8f5d318c8f5d304
077fffffffd3f703b5000003ff01
0100004000000040000000000004
07f3308a2ef7c302d3fffffe6603
06000000ffae564ebb0000000001
094451bc614451bc614451bc6104
05800000007fffffffffffffff02
050003ffff000000800003ff7f00
06a54082801c55f1a40a54082802
07620286076202860700c4050c04
007fffffff7ffffffffffffffe04
0900000001000001ff0000000103
037fffffffffffffbf0000000001
0644536d6affffff7f0000000001
08b381d7c4fffdfffffffdffff03
071be4e0d4000000001be4e0d400
0445745757457457570000000004
05ffffffffcfd2f634302d09cb00
01644bdd011a0b13354a40c9cc00
09dfffffffffefffffdfefffff03
07000010003668497b0000000003
07ffffffff00000fffffffffff02
0800001000b1a9f1b6b1a9f1b601
06000000109f3546390000000001
08ffffffffffffffffffffffff04
0100000200000002000000000004
03ccafc0307fffffff0000000102
048f69d5b98f69d5b90000000004
0574c1c1f874c1c1f80000000004
011fffffffda00559745ffaa6801
05ffffffefffffffef0000000004
04fffbffffffffffbf0000000103
01f7c390d8f7c390d80000000004
027fffffff7fffffff8000000004
051235aa08040000001635aa0800
0176663c961fffffff56663c9700
090007ffff623110c1000110c103
09ffbfffff020000000200000002
020000400000ffffff0000000003
07000003ff000003ff0000000004
00fffffffbfffffbfffffffbfa00
023632875d3632875da000000004
09567727f8ffffff7f5677277801
037e4b89a07e4b89a00000000004
087b7c98e7efffffffffffffff01
0207ffffff0000080007ffffff00
02ff321fa1033fa6b13f42000002
04000001ff000001ff0000000004
021ffffffffeffffff8000000001
01d8e3adb401000000d7e3adb402
085ae29f275ae29f275ae29f2704
001464699b1464699b28c8d33604
077ad560b47ad560b4000007ad04
08800000005f49cb07df49cb0702
06e8624a1cffefffff0000000103
02805989137fffffff8000000002
050000003fe568994be568997401
03007ffffff997e6240000000001
05ffffffffffbfffff0040000000
000000000720a36a9d20a36aa403
003fffffff3fffffff7ffffffe04
083c2d4b4e000002003c2d4b4e00
0900000008000000080000000804
09cc843e07443e04b24404040202
0280000000800000008000000004
07f997fe4c00000200f997fe4c02
011fffffff0000000f1ffffff000
0000003fff39912cdc39916cdb03
0100000040ffffdfff0000204101
040001ffffffffffff0000000101
0000000001000000010000000204
037ffffffffffdffff0000000001
02ffefffff031942c4fefffff002
047fffffff400000000000000000
05b80b5e8000100000b81b5e8002
0000004000000004000000440000
002ed5f9332ed5f9335dabf26604
08feffffffffffffffffffffff03
03000000ff000001000000000103
0703ffffffffffffff0000000001
0300007fff020000000000000103
07dfffffff878df9fbfffffffb00
080004000098b0ca1d98b4ca1d01
0500002000e35efd91e35edd9101
021fffffff1fffffff8000000004
0100000001da29784025d687c101
0603ffffff225501f70000000703
03ffffefff000000400000000102
0285557d4185557d410aaafa8204
07ee2be3ebfc37e1a4fee2be3e03
0400000003000000030000000004
040003ffff57a0f3e20000000103
05000000000001ffff0001ffff03
003fffffffffffffff3ffffffe01
0600000fff000000080000000f00
0200000000000000000000000004
02ffffffbfb6a68f81ffffff7e00
0980000000800000008000000004
0600000000cf81f65a0000000001
06fbfffffffbffffff0000000104
00efffffffffff7fffefff7ffe03
07000000209f1a493a0000000001
00fffdfffffffdfffffffbfffe04
02000000000001ffff0000000003
00000fffff8de8178b8df8178a01
051fffffff1fffffff0000000004
0451b07512000000010000000000
00ffffffef030325e7030325d602
02fffff7fffffffffde000000003
01fffbfffffffffffffffc000003
05fff7ffff1b922d59e465d2a602
05db2e1e6be61d44413d335a2a03
0140000000400000000000000004
06fbffffff000000ff0000000102
08000007ffb60ede81b60edfff01
03cebe6bdffdbdd9810000000103
09fffffffb020e7517020e751302
06ffffffff00800000ffffffff02
0700000001fffbffff0000000001
00ffffff7f00000001ffffff8002
05a1fa5a6afbffffff5a05a59503
00fffffffffffffffffffffffe04
0800400000007fffff007fffff03
04000fffff000100000000000000
0007ffffff07ffffff0ffffffe04
09e5311941003fffff0031194102
08ffffdffffffffffbffffffff03
0920000000010000000000000000
0100000000ffffefff0000100101
000000000fffffeffffffff00e01
06fffff7ff07ffffff0000000102
01b5b4b3d7ffefffffb5c4b3d803
03ec3847d7ec3847d70000000004
070917bd4fda9b28550000004801
0600010000000100000001000004
04000000013ba2c8020000000103
0400002000b8d1d5b60000000101
0300080000000800000000000004
063f3ef3c7bcc55fa03f3ef3c701
07ffbfffff43f54654fffffffb02
0600000400000004000000040004
0652e3bd260000000052e3bd2600
020d1703f0000008000d1703f000
08fffdffff7fffffffffffffff02
062e31860a2e31860a000b8c6104
07000004004a2410bf0000000003
05000000011fffffff1ffffffe03
09fffeffffff7fffffff7effff00
04000003ff000003ff0000000004
05fdffffff00007ffffdff800002
04ffefffffffffffff0000000103
020003ffff0003ffff8000000004
0100000080001fffffffe0008103
00ff7fffffff7ffffffefffffe04
00c8e0df15c8e0df1591c1be2a04
05ffffffff02000000fdffffff02
0800000007000200000002000703
0022056b490000000022056b4900
02fffffffdfbffffff8000000000
0600ffffff00ffffff0000000004
09c163ad8f800000008000000000
0500000000000000400000004003
0000000100a1b36a72a1b36b7201
03007fffff7fffffff0000000103
08fffffffdfffffffdfffffffd04
0986c59cbdd73d9c4b86059c0903
048b4cdf1f7fffffff0000000002
0800000001000003ff000003ff03
0900000003000000030000000304
0100000002000000020000000004
0029c611080000000829c6111000
077fffffff07ffffff0000000000
03ffffdfff003fffff0000000102
070000003f0000003f0000000004
01fe0cf4b5b926c73044e62d8500
05643fdedf643fdedf0000000004
090008000090b703ea0000000001
01bfffffff00000000bfffffff02
027fffffffefffffff8000000001
0080000000800000000000000004
0000000400ffffff7f0000037f01
0200000200ffffff7f0000000001
00cccd0f9fff7fffffcc4d0f9e03
05fffffffe00000001ffffffff02
0600000001dfffffff0000000001
017fffffffff7fffff8080000001
03007fffffb29262c30000000001
02000000020fffffff0000000003
0600000200000008000000020003
04bfffffffbfffffff0000000004
0600000001b3ade1a60000000001
06265f374800001fff0000000000
04f7ffffff800000000000000000
067ffffffffffdffff0000000001
06ffffffff7fffffff0000000102
06ffffffefd60e20817ffffff700
011ad7050479305a90a1a6aa7403
0200000001000010000000000103
009a1593329a159332342b266404
07800000001ccb98c4f800000002
040000000f000000010000000000
0560a16b850200000062a16b8500
0200001000fffeffff0000000001
018297baa0fffbffff829bbaa103
02fffffdff003fffff8000000002
0078db283580000000f8db283501
01000fffff000fffff0000000004
036d75469b0007ffff0000000000
040000ffff28ae4bc80000000103
01f18fec9ff8982364f8f7c93b03
09cf51a68a004000000040000002
0504000000570cfbea530cfbea03
027fffffff000004007fffffff00
007fffffffe7f4b2ba67f4b2b901
0500000000ffffffefffffffef01
070f6d54cdac75ddbc0000000001
0500000007000000800000008703
05000000000000001f0000001f03
07d94121801d977518ffffffd902
09ffffdfffffffdfffffffdfff04
0300000ffff882a6c80000000001
04ffffffffffffffff0000000004
020000020049bdcf7c0000000003
09113504d4000000040000000400
02ffffefff00000002ffffbffc02
040001ffffbac11c1a0000000101
0884c5f5cd84c5f5cd84c5f5cd04
04fff7ffff5757c9250000000002
02ffffffef00400000ffffffef02
03dfffffffc206bba70000000000
060000000000001fff0000000003
0200000000000fffff0000000003
05454a7c4d454a7c4d0000000004
020000ffff17a92605001fffe003
0600000000000000000000000004
09688fa189800000000000000001
08fffffff7fffffff7fffffff704
02fffff7ff00200000fffff7ff02
06fbfffffffbffffff0000000104
06ffffefffffffefff0000000104
0405bf2949002000000000000000
038169c6e90377c3f10000000102
040000007f0000003f0000000000
037fffffff000000000000000000
09fffffbff97db17e597db13e500
04feb4ecaeffffffff0000000103
05f0e74a4000001000f0e75a4002
08000fffffffffffffffffffff01
0280000000b48c70f60000000003
02ffdfffff7fffffff8000000002
03000001ff000080000000000103
06d595580effffffff0000000103
0900080000000800000008000004
00ffffff7f115ca7da115ca75902
045557d535000007ff0000000000
0710000000004000001000000000
05e457c5c3000fffffe4583a3c02
018000000013d4c48b6c2b3b7502
054eae01a97fffffff3151fe5603
008000000035203c89b5203c8902
081ea21caf1ea21caf1ea21caf04
00dfffffff00020000e001ffff02
020000100037d2ba901000000003
07ffffffdf7fffffffffffffff02
070000000ffffffffb0000000001
03ffffffffe0a5c4a10000000000
0400000000004000000000000103
08b4ae9be954ddcf49f4ffdfe902
0800000000000000000000000004
0900ffffffc5a25d2d00a25d2d01
0408000000800000000000000101
0800007fff0000000100007fff00
08fffffff70000ffffffffffff02
07fffffdffe91d6146fffffff700
073b6d272a7fffffff0000000003
07dfcdba964ed8d92dfffefe6d02
04fffffffd000000ff0000000002
0600000001fffffffb0000000001
06fff7ffffb31270e0fff7ffff00
060000000118c1cc260000000003
07000000ff000000ff0000000004
0000000100fffffffe000000fe01
037ffffffffc5506de0000000001
04f000fa94000400000000000002
07fffffffe000001ffffffffff02
0800020000000000000002000000
08fffffffffffdffffffffffff00
0964ad4e6f07ffffff04ad4e6f00
09eae30e9690b1160e80a1060600
039f41b4e7702bfe0f0000000102
0800000000000000000000000004
05040000000ed2f8060ad2f80603
00fdffffff000001fffe0001fe02
0100000008000000080000000004
04e46f5072f2c58c0b0000000103
0500400000262324862663248603
06fff7ffff6bb29f5a0000003f02
02800000004384ceec0000000002
0400004000800000000000000101
05fffffdfffffffeff0000030003
010001000001fffffffe01000103
001a367113fffffff71a36710a01
0000100000001000000020000004
0864d3823ca8f68c09ecf78e3d01
04ea1add8c001fffff0000000002
072372543bc12392f00000237201
0300000001000000010000000004
0000001fff72da679272da879103
0771da8f5571da8f550000038e04
065b7f28f19f3858fc0000000501
0300000000000000000000000004
010000100032955a57cd6ab5a903
0404000000000010000000000000
0203ffffff03ffffff8000000004
00000007ff00002000000027ff03
068f2fa8558f2fa8550000047904
0100000002e8da0dfe1725f20401
0200000002feffffff0000000001
01000200006c5c288493a5d77c03
080000001f0000001f0000001f04
02d9ea430df63193be4000000003
0200000000000000000000000004
00fb45dabafb45dabaf68bb57404
0900000003ff7fffff0000000301
010000001f0000001f0000000004
09ffffffef68942fbf68942faf02
00ffefffffffdfffffffcffffe00
07ffffffffffffffffffffffff04
000200000000003fff02003fff00
07fe971e337fffffffffffffff02
05c91dd2f200001fffc91dcd0d02
038000000084c71f670000000103
051d78cad1000000001d78cad100
05dfffffff387959d2e786a62d02
03ffff7fffffff7fff0000000004
0800000fffbae9c106bae9cfff01
09ffffffff9c20b8549c20b85400
003922dc0a00000fff3922ec0900
05ffdfffff00000800ffdff7ff02
0276e433ff6a8165fec000000000
00000000014fc867104fc8671103
037fffffff000020000000000000
01800000007b3464bd04cb9b4302
0600001000000010000000100004
0000000000fffbfffffffbffff01
01fbfffffffffffffffc00000003
06bb9e9426fffffffe0000000203
02ffffdfff72f766d5ffe0000002
061455df941455df940000014504
00ffffdfffefffffffefffdffe00
07474f4fd2474f4fd2000011d304
05ffffffff0007fffffff8000002
0200003fff3301ba48003fff0003
023552c32f0001ffff8000000000
0643f326b80000007f0000000000
080f5e550703ffffff0fffffff00
04226f9ac6fdffffff0000000101
041a2fa70aa86cacf50000000101
01f7fffffff7ffffff0000000004
0684163485ffffffff0000000103
0392d2aac29f179dfd0000000103
04ffffffdf07ffffff0000000002
027fffffffc16e9e49fffffe0001
07fffeffffaf71230dfffffff700
05bfad2ee000007fffbfad511f02
01202a842cc5547e085ad6062401
02fffbffffebab4417ff80000000
03f7ffffff000000100000000102
05fffbfffffffffffe0004000103
01fffffffdfffffffffffffffe03
02bfffffffdb371a85ffffffe003
051ffffffffffffffbe000000401
0900000001000000010000000104
00fffbffff00003ffffffc3ffe02
03000400000000007f0000000000
03d50121c1800000000000000000
018000000056562e2429a9d1dc02
0766f59f5a83945b5f0000000001
0719765340feffffff0000000001
0800002000000008000000280000
03000007ff000007ff0000000004
0750eee688efb82c22143bb9a201
0900000400fde7da1c0000000001
07c5657a0afffffffdfffffffe03
00e1986577e1986577c330caee04
05221f0e9d221f0e9d0000000004
05b26c6356bbb1a23a09ddc16c03
01ffffffffffffffff0000000004
037dbb617a000010000000000000
085fa3e8da00000fff5fa3efff00
00fa7651b9c75b6577c1d1b73000
052968559603ffffff2a97aa6900
0980000000800000008000000004
09fbffffff7fffffff7bffffff02
069edb06489edb0648009edb0604
0300000007000000070000000004
00a6615715b04ce1b856ae38cd03
08ffffffffffffffffffffffff04
0900001000000010000000100004
03277a7cbb277a7cbb0000000004
09fdfffffffdfffffffdffffff04
020000007f0000007f8000000004
07a0fcd40603ffffffffffffff02
08928e4bdfd66379b0d6ef7bff03
0100008000800000008000800001
0300008000afb39e010000000001
0400000001000008000000000103
00f7fffffff7ffffffeffffffe04
04995952f902f956560000000002
00428b2a4100000fff428b3a4000
00ffffffff00200000001fffff02
02459060c780000000459060c701
027fffffff7fffffff8000000004
070000000f800000000000000f01
00800000004fd7292ecfd7292e02
03cd8e0d33cd8e0d330000000004
0823238b6e23238b6e23238b6e04
04cc80517fcc80517f0000000004
09fffefffffffefffffffeffff04
05e6ea283800000004e6ea283c02
0400000000000000000000000004
02ffffefff0000007f8000000002
063017444d001000003017444d00
04ffdfffffffdfffff0000000004
037491fd587491fd580000000004
030003ffff81f0a6d90000000001
0300000001008000000000000103
00ffffffff000000040000000302
09000003fffffff7ff000003ff01
061fffffffc01815d90000000f01
0258997b03efffffff8000000001
03ffffdfffffffdfff0000000004
060000001f7fffffff0000000003
060000003f0000003f0000000004
08ffffdfff104fb8d7ffffffff02
09f57a5d09faee42eff06a400903
00f17d48cc7fffffff717d48cb02
0200020000000200000002000004
09d462c4647fffffff5462c46402
06ea8a7a2900004000ea8a7a2902
0800000002800000008000000201
0400000001000000010000000004
0000000100dd999d60dd999e6001
0585047f2b359a9b24b09ee40f02
05001fffffff7fffffff60000001
01fffff7ff02000000fdfff7ff02
02000080004bf294240008000003
02800000005d5e2aa90000000002
03ffffefffffffefff0000000004
083d19cdb88c56e59abd5fedba01
0240000000910eea9d0000000001
050de056aa000000030de056a900
04ffffffff000000010000000002
0944d4a3b944d4a3b944d4a3b904
0380000000000000010000000102
027fffffff000200007fffffff00
0272395eff00007fff8000000000
06a502a0360000001f0000000102
02000000200fffffff0000000003
022b6c3c862b6c3c86db0f218004
08215149c8215149c8215149c804
0701ffffffffffffff0000000001
0800000200800000008000020001
01bbad32c744d647d376d6eaf402
030fffffff07ffffff0000000000
01d2fc25c900100000d2ec25c902
02a7fb1a5da7fb1a5da000000004
02fdffffffffffffbf8000000003
0000000000fd83b7f5fd83b7f501
0840000000000003ff400003ff00
016587fa63000040006587ba6300
0600020000ffefffff0000000001
0800000000000000010000000103
030000001f7fffffff0000000103
0940e2aec2008000000080000000
0600000001b1cc9ecf0000000001
057ffffffffffffeff8000010001
010003ffffffffffff0004000001
05359c90d500000001359c90d400
0402000000020000000000000004
09000000017fffffff0000000103
0000000020000000200000004004
020000fffffffffffde000000001
05c938abf3b2094f467b31e4b500
0500000800000000000000080000
0000200000003fffff005fffff03
041df2a55e000000010000000000
0200003fff00003fff8000000004
0092a84ab80000000192a84ab902
058596c5f6f9f2dff67c641a0003
049966437f0000001f0000000002
01bef3edbfbef3edbf0000000004
0100000001000000000000000100
067fffffff7fffffff0000000004
02bdcff8d1bdcff8d1f1a2000004
02000007ff000000ff8000000000
02ec82c43cec82c43cc000000004
013dfc07953dfc07950000000004
050000000f800000008000000f01
077fffffff7fffffff0000000004
00c45f5295c45f529588bea52a04
01fffffff7fffffdff000001f800
023282fb947fffffff0000000003
06fff7ffff80000000fff7ffff00
040000001f0000001f0000000004
01fdfffffffdffffff0000000004
0000800000438edcba440edcba03
06800000007fffffff0000000102
03000000ffefdbaa500000000001
007fffffff7ffffffffffffffe04
027e74e5bb7e74e5bbd800000004
0147ccbf8dffffffff47ccbf8e01
07ffffffdf00008000ffffffdf02
059307a5d1100000008307a5d102
0700800000000000400080000000
067fffffff7fffffff0000000004
0700007fff0000001f0000000000
097fffffff7fffffff7fffffff04
0900000002000000070000000203
001b8baa15000100001b8caa1500
01c02b02baffffbfffc02b42bb03
04000008004425e9880000000103
026c88c699000008006c88c69900
0600000001000000010000000004
0260c80f060000000060c80f0600
0300000001feffffff0000000001
000000000114b180a314b180a403
006c031ca4e18415484d8731ec01
0404000000975893810000000101
0585900f995d3d2425d8ad2bbc02
09da236bd7000000000000000002
04ffffffff800000000000000000
0500001fff0000000100001ffe00
06fffffeff80000000fffffeff00
06ffffffdfffffffdf0000000104
06ffefffffffffffff0000000103
0013d89b3bffffff7f13d89aba01
027fffffffdfffffff8000000001
0912cbea4212cbea4212cbea4204
0200fffffffffffbff8000000001
0080000000800000000000000004
04ffffbfffffffbfff0000000004
0501ffffff0000010001fffeff00
001e1d02241fffffff3e1d022303
0580000000fffeffff7ffeffff03
00800000007fa86003ffa8600302
04ff7fffffff7fffff0000000004
0317b782ff17b782ff0000000004
07ffffdffff7ffffffffffffff00
049b8865b4ffffffff0000000103
01ffbfffff0007ffffffb8000002
0220000000000002002000000000
040000000f000020000000000103
0398439036a3fed0b20000000103
057ad8465e7ad8465e0000000004
03e25ad5ba1c65e1910000000102
01ffffffffffdfffff0020000000
09ffffffffffffffffffffffff04
0700000001ffffffff0000000001
03008000005140fbfd0000000103
04fffffffb7fffffff0000000002
08c67a1d560001ffffc67bffff02
063838267e000200003838267e00
010000ffff02000000fe00ffff03
0400000001fffbffff0000000101
0933dc0dd4f7ffffff33dc0dd401
04fff7ffff01ffffff0000000002
0804000000040000000400000004
02003fffff7fffffff8000000003
082452c2728ed3c80faed3ca7f01
0300000000000000000000000004
04000008001c5bfda90000000103
057fffffff007fffff7f80000000
01d37df58a000003ffd37df18b02
031559e8b59e9721dd0000000001
0604000000040000000400000004
0100000080000000800000000004
0010000000100000002000000004
08ffffffff00000040ffffffff02
00ffffffffbbe6448ebbe6448d00
0200003fff3103e07bf800000003
090000001f7cbebb6c0000000c03
0200000003ffffffbf8000000001
077fffffffa2aa153a0000001f01
0800000010000000020000001200
09ffefffff000001000000010002
03ffdfffff002000000000000102
0600000007ffffff7f0000000001
05fffffbff61355b4e9ecaa0b102
0800000001000100000001000103
09000000ff000000ff000000ff04
07d2242ca000010000d2242ca002
06fcc4fe7f171d844701f989fc02
0800010000fffffffbfffffffb01
06fffffdfffffffdff0000000104
0900004000000000000000000000
030000007fffffffff0000000001
0196a18b6e96a18b6e0000000004
040fffffff000000000000000000
0900008000800000000000000001
0665e43c5900000004065e43c500
03ffffffefe57b4bcc0000000000
045af054045af054040000000004
023eb292a0003fffff0000000000
074b81e62a000200004b81e62a00
0402000000000000000000000000
045501f0615501f0610000000004
09000003ff7fffffff000003ff03
0000100000000080000010800000
007fffffff4bf6ab79cbf6ab7800
0600007fff00007fff0000000004
0900100000ffffefff0010000001
00ffffffffffaf9f6fffaf9f6e00
0700000000000000000000000004
0900000100fffffdff0000010001
09000003ff000003ff000003ff04
02000ffffffffdffff8000000001
0900020000a40238a20002000001
0800001000fffdfffffffdffff01
02008000002b7f1bed0000000003
048641449068e5511e0000000002
01704be732f24d0d3e7dfed9f401
0200000001000000010000000204
0200100000001000000010000004
09225dca2e225dca2e225dca2e04
0010000000ffffbfff0fffbfff01
02000007ff00040000000007ff03
08ffffffffffffffdfffffffff00
0800002000000020000000200004
09000000017fffffff0000000103
01ffdfffffd5b724eb2a28db1400
07fffffeff431ebcfbffffffff02
0880000000000000018000000102
01834499e068c872db1a7c270502
0400004000000040000000000004
0500000080000010000000108003
0407ffffff07ffffff0000000004
0840000000100000005000000000
0440000000fffffff70000000101
07800000007d767871ffffc00002
05c377182100000800c377102102
0200001fff70427c4d03ffe00003
010000ffff000003ff0000fc0000
0300000001ffffffef0000000001
015ee02691000001ff5ee0249200
058c575d118c575d110000000004
003f8646bd3f8646bd7f0c8d7a04
04e6ac793ff7ffffff0000000103
010007ffff63f3252e9c14dad103
08ffbfffffffbfffffffbfffff04
0700000000000000000000000004
0909b4c506000001000000010000
09003fffff00003fff00003fff00
08ffbfffff80000000ffbfffff00
060000007ffeffffff0000000001
050003ffff800000008003ffff01
04f200fffff65d47620000000103
01fffbffff800000007ffbffff00
01000fffff000fffff0000000004
018b8f062907ffffff838f062a02
0600000800ffffffff0000000001
0420000000fffffbff0000000101
02000007ffff7fffff8000000001
00dfffffffdfffffffbffffffe04
010000000000001fffffffe00103
003b5c592a00001fff3b5c792900
01bfffffff369cf04789630fb802
0800000004000000040000000404
027fffffff012da185ffffffe000
0423908d970000001f0000000000
01ffdfffff800000007fdfffff00
007fffffff000000018000000000
04fffffffdfffffffd0000000004
050000000207ffffff07fffffd03
05000003fffffffff7fffffc0801
087fffffff80000000ffffffff01
0496e9283a96e9283a0000000004
01fdffffff00000002fdfffffd02
0500020000000200000000000004
0851cd862bfffbffffffffffff01
0203ffffff000001ff8000000000
0400000004000000000000000000
005375e3b0007fffff53f5e3af00
08a7419193ffffbfffffffbfff03
005251055152510551a4a20aa204
062cc273392cc273390000001604
0100000200488b1d73b774e48d03
010000100000800000ff80100003
090000003f0d9b39c10000000103
080d5218857a35d45e7f77dcdf03
0880000000fffffffefffffffe03
0000000080000080000000808003
0200001fff1d7a331ec000000003
03aa577593000800000000000102
05000001007fffffff7ffffeff03
044b1c14da4b1c14da0000000004
04fffffdff0003ffff0000000002
02ef61e13e00000000ef61e13e02
07ef22010900000001f791008402
09ed9547bced9547bced9547bc04
052763f0412763f0410000000004
08000000ff000000ff000000ff04
08fffffff700000002fffffff702
01fffffff7ffffffef0000000800
09fffffffeb1c987a4b1c987a400
05d53a55f1a9c1107d7cfb458c00
070000ffff000040000000ffff00
082fa2a81a2fa2a81a2fa2a81a04
08093561dbd7bbfae2dfbffbfb01
037672a30c002000000000000000
0180000000000000017fffffff02
0400000001000000010000000004
05fffffbff6b615cd7949ea72802
050020000039ac3bb4398c3bb403
02442f2245442f224585e448a004
04ffffffffffffffff0000000004
088fbf1f128fbf1f128fbf1f1204
0404000000040000000000000004
0363db0f1d000007ff0000000000
0720000000ffffffdf0000000001
04400000000003ffff0000000000
07e0c8bfaafffffffdffffffff03
0300000004e09f6cfe0000000001
0735f72f1e000000011afb978f00
00fffeffff7a8f5d357a8e5d3402
03f50be6d70000000f0000000102
0619c448efffffffff0000000001
0300004000335d72420000000103
0600000020000000200000002004
0018eecbd7960dfdcdaefcc9a401
09972232610000001f0000000102
083e8e5b06000000073e8e5b0700
0200000002000000020000000804
070000001fffffffdf0000000001
0200000001000000010000000204
008af9c209efd33f417acd014a03
06ffbfffff000007ff0000000102
04000000ff800000000000000101
0723d2541a23d2541a0000000804
060000040002a9f6cf0000000003
09fff7ffffdd2e2670dd26267000
014a8a472306c6700b43c3d71800
050d7d19e15442582d593f41cc03
08f382fe0e78193986fb9bff8e02
050000000000000fff00000fff03
077faf74f8ffd5ee0601febdd301
06adfb84e000040000adfb84e002
05e4a4d5bce4a4d5bc0000000004
08fffffffba5b70be3fffffffb00
06000000047bc9e39a0000000003
0900000007000000070000000704
07020d17c17fffffff0000000003
0480000000000000030000000002
03afe0c9940000003f0000000102
08904f56c394532a0f945f7ecf03
03bfffffff000080000000000102
0000000001ae9c94e8ae9c94e901
068c0a356e004000008c0a356e02
05fb9f0d30fb9f0d300000000004
0080000000fffffff77ffffff703
0500000080000002000000028003
07ffffffff00000001ffffffff02
010000000000040000fffc000003
0900400000000000010000000000
0580000000800000000000000004
0280000000800000008000000004
0800000007000000070000000704
0200001fffffefffff8000000001
0800000000000000000000000004
053fffffff000fffff3ff0000000
090eefb1330eefb1330eefb13304
04ffffffff008000000000000002
0703ffffff5705dfec00003fff03
0903ffffff7fffffff03ffffff03
042af447fdfffffffd0000000101
048e86060d8e86060d0000000004
071418d878fffffdff0000000001
020000ffff000007ff8000000000
06000000100003ffff0000000003
0100008000000080000000000004
0600ffffff00ffffff0000000004
02bcfe42089d1ccdd20820000000
0300020000080000000000000103
04ffffbfff7fffffff0000000002
0700002000ffffffef0000000001
0453df9946000000000000000000
0620000000200000002000000004
02d781c2acd781c2ac1c2ac00004
0600000001000080000000000103
03623b5810000001ff0000000000
02ffffbfffffffffff8000000003
0800800000e6574e3fe6d74e3f01
02fffefffffffffdff8000000003
02482c6d85482c6d85058db0a004
08001000000001ffff0011ffff00
03fffdffffffbfffff0000000000
00927f6437927f643724fec86e04
0423f0160500000fff0000000000
06fffffffefffffffd0000000700
030007ffff0007ffff0000000004
023fc236513fc236516ca2000004
0700007fff0000007f0000000000
0746847730002000004684773000
097fffffff7fffffff7fffffff04
040000000fb08c41ad0000000101
030000003fb9c3684d0000000001
03e3536dcfffffbfff0000000103
0521649e2e0000000421649e2a00
0900020000000000040000000000
0866b3c1e70000000166b3c1e700
04163696bc000000800000000000
01ffffffffffffffff0000000004
03fdfffffffdffffff0000000004
0110000000ded941383126bec801
09ffffffbf000000010000000102
0700ffffff7fffffff0000000003
0880000000aa4dd1d4aa4dd1d403
05deb3929fdeb3929f0000000004
05fae096c0fffdffff051d693f03
054cb3c4e7000000084cb3c4ef00
05001fffff81f61b2d81e9e4d201
04007fffff000000000000000000
087ffffffffffbffffffffffff01
09f86e6862640cc586600c400202
0242f56e1c42f56e1cc000000004
05fffffbff00004000ffffbbff02
032000000000ffffff0000000000
097fffffff7fffffff7fffffff04
0510000000ac07e4c6bc07e4c601
08fffffff7fffffff7fffffff704
04ae9a40d1ae9a40d10000000004
05f595d8ce007ffffff5ea273102
0700010000000001ff0000000000
065ee8e4caffffdfff0000000001
0080000000ffffffff7fffffff03
04ffffffdf000000400000000002
0720000000ffffffff0000000001
072b41b9db2b41b9db0000000504
0291c8aeeb44ea96577580000002
009e699743203478c0be9e100302
05000000010003ffff0003fffe03
0242de78c77fffffff8000000003
061bf916c1000000001bf916c100
0320d6b677fffffffe0000000001
02ffffff7f130d5140ffffff7f02
07fc7a7467b342cd80fc7a746700
070003ffffff7fffff0000000001
0910000000100000001000000004
05c85bcb1fc85bcb1f0000000004
07000003ff7fffffff0000000003
01c754091a001fffffc734091b02
07b50ee472b50ee472ffffed4304
03bac95b48ffffffff0000000103
0700000200000002000000020004
01ffffdfff00000000ffffdfff02
0780000000800000008000000004
00000800001fffffff2007ffff03
05484d9d3200000000484d9d3200
009034b59a000007ff9034bd9902
0400000001efffffff0000000101
09935c7347935c7347935c734704
080000007f008000000080007f03
075b56534d000040005b56534d00
04ffffffffdfffffff0000000000
05066136212b107af72d714cd603
0300008000000080000000000004
06fffbfffffeffffff0000000100
0400000008ff7fffff0000000101
09806f96f3fffffff7806f96f303
0600400000f6cba44e0000010001
0210e708c610e708c639c2318004
02e33ba94000004000e33ba94002
08000080003fffffff3fffffff03
050000020001e249a701e24ba703
06ffffdfffffffdfff0000000104
057fffffff97ed96ede812691201
097fffffff0fffffff0fffffff00
03ffffffff83d98ecc0000000000
057fffffffffffefff8000100001
0280000000f90d7a250000000003
0900007ffffffffffd00007ffd01
00fffffffe800000007ffffffe00
04fffffffdfffffffd0000000004
0207ffffff000000010ffffffe00
07902f3f03902f3f03f205e7e004
057f4192297f4192290000000004
0200000100f59be98c0010000001
0980000000000000010000000002
0680773041000020008077304102
00f565553100000010f565554102
0900000000000000000000000004
0200008000000080000000800004
02000000003785da3b0000000003
081a4916460003ffff1a4bffff00
02b2dc08cdb2dc08cd8119a00004
0200ffffff4000000000ffffff03
0100000001000000010000000004
003fffffff0003ffff4003fffe00
068ace4d0199460c0a0022b39303
0680000000f00d30d40000080003
017fffffff000000207fffffdf00
04449c8b1affefffff0000000101
08fffdffff00020000ffffffff02
06dfffffffb2b550c31bffffff00
01ffffffffffffffff0000000004
06000000fffffdffff0000000001
0694336ae04bd30e880094336a02
09000000026d2d1f070000000203
070000003ffe21f0f10000000001
0200000000800000000000000001
00ffffffff1b88d3fa1b88d3f902
0835c9cc051282095837cbcd5d00
03e96658d90fffffff0000000102
07c98bd994c98bd994fffffc9804
010400000010000000f400000003
097fffffff7fffffff7fffffff04
0600001ffffffff7ff0000000001
034e243117efffffff0000000001
079908a067ace24e0fffff321103
0500200000000200000022000000
00907b1b9580000000107b1b9500
09000007ff000007ff000007ff04
0100000200000002000000000004
05b8c253ad1fffffffa73dac5202
00fdffffff0000001ffe00001e02
04efffffffda1d32030000000000
060001ffff3fffffff0000000003
06ffffffffffffffff0000000104
04007fffff000100000000000000
020fffffff00000fff8000000000
045245fa145245fa140000000004
00ff7fffff1b557ba31ad57ba202
0047f2c28c11a99c5a599c5ee600
0200007fffffffffff8000000001
02ffffff7fffffffefffbf800003
0900000001bf6cc84d0000000101
0600003fff4cd7d83c0000000003
07824cf25f00000000824cf25f02
017fffffff7fffffff0000000004
09000000ff000000800000008000
03800000007fffffff0000000102
0700800000008000000080000004
0703ffffff03ffffff0000000004
06dc7b90f0000000016e3dc87802
07bda4b62b6650b6c0bda4b62b02
067fffffff7fffffff0000000004
0197120158fff7ffff971a015903
03ffffdfffffffdfff0000000004
05fffffffe13dde254ec221daa02
09001000001fffffff0010000003
07e15ed4bf00ffffffffffffff02
001d0d9e931d0d9e933a1b3d2604
02000001ff000001ff8000000004
0800000000d8daecdad8daecda01
0180000000a68cd46ed9732b9203
0600000001fffff7ff0000000001
081fffffff1fffffff1fffffff04
0400007fff0fffffff0000000103
0700000004b2d131bb0000000001
04dfffffff000200000000000002
050000ffff7db8ad4d7db852b203
0200000080ffffefff0000000001
03dfffffff7fffffff0000000102
0800000004000000010000000500
07ffffbfff20000000ffffbfff02
038a16d00e000080000000000102
08f33e5288f33e5288f33e528804
0304000000000000010000000000
01c3e982552a0a1d5899df64fd02
050e401487003fffff0e7feb7800
0700000001ffffffff0000000001
0524eb56b10003ffff24e8a94e00
0400001000000010000000000004
0114962a6e0200000012962a6e00
087fffffff000fffff7fffffff00
07870f0037e92fa531ffffc38703
050aa913ef800000008aa913ef01
050000001f0000001f0000000004
03000003ffffffffef0000000001
0600800000000000010040000000
01ecc6fbd57fffffff6cc6fbd602
02800000009de791c08000000003
0600000001ae65abe10000000001
0210000000800000001000000001
021fffffff000080001fffffff00
0264f85ee0001fffff0000000000
061556a8d0000000010aab546800
078000000000000001c000000002
00beef3f7dbeef3f7d7dde7efa04
058212f3353a36beb5b8244d8002
03ffffffbf6d9f28a20000000102
04df689a237fffffff0000000002
06feffffff000000017f7fffff02
08d42d7d7bd42d7d7bd42d7d7b04
04c2385cc7d18056860000000103
020001ffff000000000001ffff00
000333514a0333514a0666a29404
01010000000ffffffff100000103
0000000002000040000000400203
021343b4230000000fda11800000
022ac4d89cffffffff0000000001
04ffffdfffffff7fff0000000000
02433a41bedbbaebe83a41be0001
02fffffefff504ab83fffff7f800
06ffffffff7fffffff0000000102
0380000000800000000000000004
014c0027b4000000014c0027b300
06fffefffffffeffff0000000104
0500000000000000000000000004
0940000000400000004000000004
010003ffffd80cd21227f72ded01
05ffffff7f333772fcccc88d8302
0734b86c4634b86c4600d2e1b104
027ffffffffec1a533fff8000001
08dfffffff9471b7a9dfffffff00
085c925aadffffffffffffffff01
04ffffff7f0000000f0000000002
030fffffffcc646dc60000000001
0000000001a1156902a115690301
05fffdfffffffdffff0000000004
0180000000000000008000000002
0300008000000080000000000004
07001fffff000fffff0000000000
02ffff7fffffffffff8000000003
02ffffefffffffefff8000000004
0888cf817588cf817588cf817504
08003fffff7fffffff7fffffff03
00bfffffffbfffffff7ffffffe04
02628a0a8947f415cca0a8900000
02fffffffedec6d6acffffe00000
0325d67e35000000000000000000
0785e63c1e0000000085e63c1e02
03aea183a5000000000000000102
07fffffbff000003ffffffffff02
0100000002000000020000000004
0000000001ffffffdfffffffe001
080fffffffffffffffffffffff01
04001fffff5fecea4f0000000103
0900000000ffffffff0000000001
03ffdfffff6fd1c6050000000102
090000010096ce616b0000010001
0200001000000010000000100004
0307ffffff128487660000000103
01fffffdff00020000fffdfdff02
0400004000002000000000000103
0665c5fa8a0000007f0000000000
030000020007ffffff0000000103
0500000001000000070000000603
0880000000ffffffffffffffff03
06fffffdff466abc8c000fffff02
0500000fff0000000100000ffe00
061845a8e71845a8e700308b5104
0855858852000000075585885700
01ffffefff0000003fffffefc002
01fdffffffd4b87aea2947851500
01b90d79b6b90d79b60000000004
051d8935f200003fff1d890a0d00
02000007ff000007ff8000000004
095d9772e2100000001000000000
02fffbfffffffbffff8000000004
0700000002001000000000000203
03ca4d8c5bffffffff0000000103
01dfffffffdfffffff0000000004
000addf2d07fffffff8addf2cf03
09fffffbff004000000040000002
0400000fff7fffffff0000000103
02ffefffffffefffff8000000004
06fefffffffeffffff0000000104
020c9edd09800000000c9edd0901
02b78686e480000000b78686e400
0700000001000000010000000004
057ffffffffffffffb8000000401
01fffbfffffffbffff0000000004
07000040000000007f0000000000
08ffffffbf7fffffffffffffff02
000003ffff00000fff00040ffe00
0578825259788252590000000004
0100100000dfffffff2010000101
01fffefffffffeffff0000000004
0400004000000040000000000004
010000001000000080ffffff9003
05fffffefffffffeff0000000004
06918ea58f918ea58f0001231d04
0900003fff000001ff000001ff00
090003ffff000000000000000000
0798c334df98c334dfffffffff04
03b41523bbb41523bb0000000004
050000001f0000001f0000000004
020bb1bb4b698b21eac6ed2c0003
08f5aa3483f5aa3483f5aa348304
04ffffffffffffbfff0000000000
007fffffff146e195e946e195d00
0700000007020000000000000703
05050d197700ffffff05f2e68800
047fffffff7fffffff0000000004
0178e9ddc678e9ddc60000000004
0180000000000008007ffff80002
06cb3e208acb3e208a0032cf8804
0400000200ffffffbf0000000101
03000000080fffffff0000000103
00e049d658fffffffde049d65503
079e3392ba020000009e3392ba02
067fffffffffffffff0000000001
07513b281a513b281a0000001404
04ffffffff000001000000000002
06000040009d7abb5b0000000001
03ffffffefdfffffff0000000000
06eb5aae08eb5aae0800eb5aae04
0000ffffffeacc7a03ebcc7a0201
030000003f0000003f0000000004
05a3026e21a3026e210000000004
0300000000fffffffb0000000001
00777ceed23fc43fddb7412eaf00
0507ffffffff7ffffff880000001
08ff7ffffffbffffffffffffff00
0200000002000800000000000203
01af9f9508fffeffffafa0950903
0439313397000800000000000000
01ffffffff00000000ffffffff02
0500000fff0000000400000ffb00
0300000800800000000000000001
0200100000001000000010000004
0508000000080000000000000004
04ffffffff003fffff0000000002
05ad15d815ffffffff52ea27ea03
050007ffff000004000007fbff00
08fff7ffffffffffffffffffff03
02fffffffffeffffff8000000000
04ffff7fffffffffff0000000103
053fffffff2c1ac17413e53e8b00
03b1de5320f7ffffff0000000103
03007fffff800000000000000001
05e57946b64eb54ae7abcc0c5102
0700000001a71fcc590000000001
0300000001000000000000000000
0097b58480000001ff97b5867f02
035689c2e57e2480f60000000103
00ffffff7ff5a137e7f5a1376600
05fffffeffc6b09196394f6f6900
02fffdfffffffdffff8000000004
0500000010000000ff000000ef03
02dbad3124ddcd0a27d698920003
045b9df14af31dc8820000000101
00ffffffffaf60d7a6af60d7a500
0308000000080000000000000004
01b9af91bc3429f3e185859ddb02
079118a76db3c2a6f5fffffc8803
0802000000fff7fffffff7ffff01
05bfffffffbfffffff0000000004
09673e8171fffffbff673e817101
01978db54601000000968db54602
0306d3bae53b275df20000000103
06b0b3087681c1a9d50000058500
03fdffffff00007fff0000000102
0900000001000000030000000103
0935169715000000010000000100
07beba26f57198900affefae8902
009a1e12869a1e1286343c250c04
04004000000000007f0000000000
030fffffffffffffdf0000000001
06000003ff000000030000007f00
007fffffff7ffffffffffffffe04
055637040a5637040a0000000004
008f0bb345000200008f0db34502
07fbffffffffefffffffffffff03
0900000001000000010000000104
00000000ff00000000000000ff00
01ffffffbf00010000fffeffbf02
0500000000cb68d2b2cb68d2b201
06feffffff1f9e7c7f0000000102
080fffffff7fffffff7fffffff03
019d9330189d9330180000000004
097fffffff911313dd111313dd01
0400000000000000000000000004
03000001fffeffffff0000000001
09800000003ae7656f0000000002
0880000000a356771da356771d03
0600000001800000000000000101
0700147a9900147a990000000004
031e654ce11e654ce10000000004
00ffbfffffffbfffffff7ffffe04
027fffffff080000007fffffff00
0499997ec1000008000000000002
010100000092a3daf76e5c250901
0300000000000100000000000103
0503ffffff03ffffff0000000004
07b4f69f3802000000b4f69f3802
030000001fffefffff0000000001
037f41d60b000000010000000000
07ffffbfff47f0526dfffffffd02
087fffffff7fffffff7fffffff04
01efffffff0000ffffefff000002
00c30ec12dc30ec12d861d825a04
00dc310d67ffefffffdc210d6603
0584ca5cad0000000184ca5cac02
0400200000484290b60000000103
001cf9716a000004001cf9756a00
001b5fed04ce4f6611e9af531501
0840000000000000804000008000
09ffff7fff07ffffff07ff7fff02
06e012280fc91fba900000e01200
080000001f000000070000001f00
017fffffff000000017ffffffe00
090cdb374f0cdb374f0cdb374f04
09104bfd920fffffff004bfd9200
0803a24f800000000003a24f8000
0400040000000400000000000004
007fffffff7ffffffffffffffe04
0600000000000000000000000004
01ff7fffff0000003fff7fffc002
03ffffffff0000000f0000000102
0740000000000020004000000000
01bdf2c0cc00010000bdf1c0cc02
067fffffff693441f90000003f00
022af9509afffbffff0000000001
02d005a6107fffffff0000000002
05fffffffefffffffe0000000004
07d86f05c080000000d86f05c000
00f7ffffffa28a4b599a8a4b5800
06fffffbfffffffbff0000000104
00f22191d5bfffffffb22191d400
030000080001ffffff0000000103
02aef2ef2300080000aef2ef2302
072cd764d7458aba14000002cd03
05c0a86cdcc0a86cdc0000000004
05ffffefffffffefff0000000004
02bff457fbbff457fbd800000004
009c2a57a59c2a57a53854af4a04
036abf41106abf41100000000004
023fffffff100000003fffffff00
055be170417fffffff241e8fbe03
0007ffffffbb413a11c3413a1001
079c0c69eb9c0c69ebfff3818d04
097ca144ed64bb7bb264a140a000
02080000000001ffff0000000000
080000007f0000007f0000007f04
0737516744375167440375167404
01f064e1a0f064e1a00000000004
08fffffeff7fffffffffffffff02
00ffff7fff000007ffffff87fe02
09dd35db62227835060030110202
0300000400000004000000000004
02007fffff007fffff8000000004
02fffffdfffffffdff8000000004
02637b698d3f66f270698d000000
060000000160600ed30000000003
02fffff7ffbd29cdb1effe000000
060000007f0000007f0000000004
09bf5c702ffffdffffbf5c702f03
0780000000fffdffffffffffff03
02b50d5d51000000016a1abaa202
016bf6a60db60526f2b5f17f1b01
00000000018eec44d08eec44d101
024795d1774795d177bb80000004
02c25d8973412dfedec000000002
0100000010000000100000000004
0892f0d511ffffbfffffffffff03
0320000000000000000000000000
05dd0f1706fff7ffff22f8e8f903
049a155168efffffff0000000103
0504000000000100000401000000
0700000010b8462d350000000001
06e27af6a3e27af6a31c4f5ed404
0267939caf7fffffff8000000003
0600000fffcba90fe1000007ff01
01000010007fffffff8000100103
02440d59c30fffffff8000000000
0500000040d6663858d666381801
03634cff1e000000070000000000
01ffff7fff08000000f7ff7fff02
03194fe615194fe6150000000004
03ef84bd1c200000000000000102
0400000400295385550000000103
0500000000002000000020000003
077fffffff0fffffff0000000000
053111b7b700001fff3111a84800
0280000000800000008000000004
00007fffff0c2cf4d30cacf4d203
0112f5a107ffffffff12f5a10801
030000000700003fff0000000103
02fffffbff84c16921fffff7fe00
0500001000fffdfffffffdefff01
09000001ff654dd7500000015003
0956f97af1aa3eaf7f02382a7101
0879c06d287fffffff7fffffff03
09775cc020000000000000000000
00ab2c8a0aab2c8a0a5659141404
05c63f155f03ffffffc5c0eaa002
0907ffffff000000010000000100
090001ffffc691ad910001ad9101
04fdc872c4fdc872c40000000004
0304000000040000000000000004
0900000040000000400000004004
020000003f000002000000003f03
08000fffffab22c5bfab2fffff01
06885268a4001fffff0000000102
047fffffff7fffffff0000000004
01feffffffffffffffff00000003
027fffffff000000807fffffff00
0700000040000000400000004004
0700000001000000010000000004
00aca2fbb9ffffff7faca2fb3803
081f51c1eaffffdfffffffdfff01
09fbffffff6ef9f4076af9f40702
016e393b086e393b080000000004
004cd9c1bf4cd9c1bf99b3837e04
01004000006bffeba09440146003
08fbffffffaf6e7027ffffffff00
0500800000000000040080000400
07fefffffffeffffffffffffff04
0680000000800000008000000004
05ff7fffffffffffff0080000003
05583ae6a4809149f9d8abaf5d01
07cdfd3f7f0000007fffffffff02
03ffffffff4e4575850000000102
07b859ff2bb859ff2bfff70b3f04
01ffffffefffffffef0000000004
0503ffffff1d209b7d1edf648203
016d118268ffffefff6d11926901
0829febc8ffffffdfffffffdff01
0680000000f5a4ea090040000003
05fffff7ff00000001fffff7fe02
0400000020000000200000000004
07ffffffdf00000080ffffffdf02
08204c2c2500001000204c3c2500
08a7777ad7a7777ad7a7777ad704
0321ea1e3d000800000000000000
05fffffffff6b50f0e094af0f100
02ffffffbffffdffff8000000000
059bd3a5ad800000001bd3a5ad00
046c7b5f80453171700000000000
071ea6c6af1ea6c6af00003d4d04
09fffefffffffefffffffeffff04
0000000000fffff7fffffff7ff01
010000000118496885e7b6977c03
0280000000ffffffff0000000003
0300000000ffdfffff0000000001
07dfffffff7fffffffffffffff02
09f7fffffff7fffffff7ffffff04
080000007f0000007f0000007f04
08fd955240fd955240fd95524004
030fffffff0000000f0000000000
06c0cffea1421684710000606702
050000003fffffffffffffffc001
02000000ff00000001000001fe00
07fffff7ff00004000fffff7ff02
07fffffeff3ec5f49fffffffff02
05007fffffefffffffef80000001
04ffbffffff5a772ac0000000000
08ffffffef00001fffffffffff02
0641b5922541b59225020dac9104
0400000008fbffffff0000000101
00eb4611f700080000eb4e11f702
01ffffffffffffffff0000000004
06fffdfffffffdffff0000000104
063b8eb4dba3398e230771d69b01
017fffffff0000003f7fffffc000
077d50ef957d50ef95000003ea04
0796d7ae950000000096d7ae9502
0200200000f990e46a8000000001
0512acb1eb28920daf3a3ebc4403
027fffffff000200007fffffff00
09d74657edd210b124d200112400
04fffffeff200000000000000002
07fffbffff5426860effffffef02
05fffffffd7fffffff8000000202
0073167e270000000073167e2700
07a8868e390000001fffffffff02
0880000000800000008000000004
0600000001fff7ffff0000000001
01007fffff0000ffff007f000000
0500000001000000010000000004
0000000000000000000000000004
073a8df3d13a8df3d100001d4604
08fffbffff0000007ffffbffff02
0800001000764f0515764f151503
0120000000fee50f61211af09f01
00fefffffffefffffffdfffffe04
061fffffff2df53d88001fffff03
070698b8a000000001034c5c5000
087697f553fefffffffeffffff01
030ffffffffffbffff0000000001
04000000017fffffff0000000103
09d64ecf1a0007ffff0006cf1a02
0100001fff00001fff0000000004
077fffffff7fffffff0000000004
03ffbfffffe14a650c0000000000
041c9705681c9705680000000004
07dfffffff80000000dfffffff00
0403f1ebddb00604540000000101
0400003fff000008000000000000
00ff7fffff400000003f7fffff02
0434cdb36c1ec8841a0000000000
017fffffff000000017ffffffe00
06fff7fffffff7ffff0000000104
050000001f0000001f0000000004
038ac6c6618ac6c6610000000004
0100000400cdda7046322593ba01
0000000000bfffffffbfffffff01
0000100000fffbffff000bffff01
06b347097a00080000b347097a02
08fdffffff1f545305ffffffff02
00ffffffff00003fff00003ffe02
0600000000ffffffff0000000001
014a19a7e2ffffffff4a19a7e301
0800000004000000010000000500
087fffffffffffffffffffffff01
0700400000e400b3e70000800001
0900000002000000010000000000
04000000010000000f0000000103
0520000000000000202000002000
0100000200000000000000020000
06ffffff7f00000800ffffff7f02
0408000000100000000000000103
0500200000000000020020000200
00fefffffffffffffffefffffe03
01cdb2109c800000004db2109c00
0027b0faf227b0faf24f61f5e404
07fffffffbfffffffdffffffff03
037fffffff4b6711990000000000
01aab9eee13cacdc966e0d124b02
0440000000000001000000000000
040003ffffffffffff0000000101
0600000fffffffbfff0000000001
07c50ed06400000000c50ed06402
01effffffff22e72d9fdd18d2603
00003fffff003fffff007ffffe04
08fffffffd00000200fffffffd02
0100200000000fffff0010000100
04ffdfffffffdfffff0000000004
0100080000000000400007ffc000
066a8f340c7fffffff0000000003
093a4aea22fde3017f3842002201
020000000001410bbd0000000003
078ae24014ffffffffffffffff03
02ffffffff00000003fffffff802
0201000000010000000100000004
070000000035d089420000000003
08085bd9b6fff7ffffffffffff01
0638977aac0008000038977aac00
029230a6bc9230a6bcc000000004
09e89a5cabe89a5cabe89a5cab04
0100040000ffdfffff0024000101
065c781e95fd7da36f0000b8f001
0729da7e9c00000fff0000000000
08bedbd705fff7ffffffffffff03
04008000007fffffff0000000103
034e0a9530000008000000000000
0907ffffff0000000f0000000f00
01fff7fffffbffffff03f8000000
0200400000fffffffe0000000001
040000001007ffffff0000000103
00ac8b99a41fffffffcc8b99a302
02ffffff7fffff7fff8000000000
0500000000fefffffffeffffff01
07c4dad750c4dad750ffffc4da04
04d946c84d000800000000000002
0984b34dfd7fffffff04b34dfd02
087c111a7e000400007c151a7e00
017fffffffffffffff8000000001
0082acdc4182acdc410559b88204
0400000000d47bbce50000000101
05000000000001ffff0001ffff03
01aabad8317fffffff2abad83202
0800007ffffffdfffffffdffff01
02ffffffdf00000080ffffffdf02
09fffffeff0d765c520d765c5202
052582cc48ffffffffda7d33b701
0508000000000200000802000000
06abf56d48abf56d4800abf56d04
00fffffffffffffffffffffffe04
090007ffff0007ffff0007ffff04
00d01140f300000fffd01150f202
07000001007fffffff0000000003
08000200008ee41a588ee61a5801
003f4b19297a16de1bb961f74403
0780000000000000008000000002
0600000001000000010000000004
084e67699280000000ce67699201
091719d7b8fffffffd1719d7b801
04ef4a50f4ffffffff0000000103
00ffffffff2309f1502309f14f02
067fffffff000000013fffffff00
04b334ca6c000000040000000002
06fffbffff00000000fffbffff02
020000003f0000003f8000000004
062e0c1c37000000402e0c1c3700
01fffffffdfffffffd0000000004
0500001fff00001fff0000000004
02dbff851580000000dbff851500
093fffffff000000000000000000
08a5cf40d71e9dc57abfdfc5ff02
097ffffffff3d01d9b73d01d9b01
01fffffdfffffffdff0000000004
0220000000200000002000000004
0100800000fff7ffff0088000101
0100008000000000000000800000
02d286fca2d286fca24a1bf28804
01fffffdff3fffffffbffffe0002
030000003f020000000000000103
037fffffff003fffff0000000000
02ffffff7ffffbffff8000000000
0500000001000000200000002103
0701ffffffb6ba307b0000000001
047fffffffe9fcbc1c0000000101
015232892cffffffdf5232894d01
0700000040800000000000004001
0763e7e4f063e7e4f0000063e704
04d9d9caa0fffffffb0000000103
03fefffffffeffffff0000000004
056ed40b42ff7fffff91abf4bd01
0955912d4efffbffff55912d4e01
0560f3b8e10000002060f3b8c100
0800000002000080000000800203
0804000000040000000400000004
06e9c6a6f4e9c6a6f400000e9c04
09c63a8bf7c63a8bf7c63a8bf704
0600000008000000080000000004
06ffffffff33adf9a31fffffff02
06fff7fffffff7ffff0000000104
0800007fff0000000000007fff00
01c04bd293000fffffc03bd29402
096952dcd1ffffffff6952dcd101
0200008000e186d7d90000000001
02b87a2a1ab87a2a1a6800000004
02fefffffffffbffff8000000003
030000007f0dd1efb70000000103
0800000000ffffffffffffffff01
05c1da04d8ff7fffff3ea5fb2703
0700000001435fdfb70000000003
0900000002dfffffff0000000201
00c3846dbc00000001c3846dbd02
08000000000007ffff0007ffff03
037fffffff7fffffff0000000004
093fd8fc3f3fd8fc3f3fd8fc3f04
00c56a1dbc00200000c58a1dbc02
0140000000e8238dcc57dc723401
037fffffffffdfffff0000000001
04ffffffff35455c820000000002
04cbd515ec4fe55d360000000002
041210fd88fbffffff0000000101
06a7d911d5a7d911d50000053e04
081edb4cc9ffffffffffffffff01
028ca6046d000000408ca6046d02
07000000080000000f0000000003
088d81a1230000007f8d81a17f02
067221bc3605a4f1ec0007221b00
0700080000000800000008000004
0645796a50000007ff0000000000
064df0f963fffffffe0000000101
050003fffffffffffffffc000001
0857f7a3800010000057f7a38000
0500040000fffffffffffbffff01
072c5460ec2c5460ec0002c54604
009cb4d3319cb4d3313969a66204
080000000f000004000000040f03
06fffffffd00400000fffffffd02
0000040000000000010004000100
080001ffff0001ffff0001ffff04
08400000001c7835175c78351700
01f6fedbc4f6fedbc40000000004
0400000001000000010000000004
09e98fd905d961f0cac901d00000
04ffffffffffffffff0000000004
01fffeffff00000007fffefff802
00000000400000003f0000007f00
0800000080000000800000008004
08000000073fffffff3fffffff03
07ffffffdfffffffdfffffffff04
080003ffffadc37393adc3ffff01
090000ffff0000ffff0000ffff04
0700400000ea8430a10020000001
0700007fff00007fff0000000004
0075dd641101ffffff77dd641000
08e289ac2700000001e289ac2702
0892db0502000007ff92db07ff02
0900040000000400000004000004
076cf91b87ffffffff0000000001
0617fc616c17fc616c00017fc604
02efffffffefffffff8000000004
08fe9a44791fffffffffffffff02
020000000060b7fae90000000003
02003fffff00020000003fffff00
07b5c602f6b5c602f6fffffed704
0300000004000000040000000004
0871760a69ffdfffffffffffff01
0786367a9386367a93fffff0c604
0100001fff13e359b3ec1cc64c03
09ffffffff020000000200000002
021ff238e11ff238e13fe471c204
0500100000ffdfffffffcfffff01
07e98bdda5fffdffffffffffff03
07e5b969dd007fffffffffffff02
01fffeffff7fffffff7fff000002
097ffffffffffffeff7ffffeff01
0200000001ffffffff8000000001
0800000800000008000000080004
05922d9f92ffffffff6dd2606d03
06416614ed0000007f0000000000
00000007ffffeffffffff007fe01
0100003fff8000000080003fff01
0487b39486ce1c4def0000000103
06ffffffdf08000000ffffffdf02
0100020000dfffffff2002000101
06ff4be9f9ff4be9f90000007f04
0780000000800000008000000004
06b1ac793db1ac793d0000000504
0900010000fbffffff0001000001
0100000080416d311abe92cf6603
06fffffffbffff7fff0000000100
0727cb547c27cb547c0000000204
03000fffffffffdfff0000000001
0501fffffffffffffffe00000001
030fffffff4a1d2b9f0000000103
01175f6a06bfffffff575f6a0701
01107f8523107f85230000000004
09fffffdff002000000020000002
0327edbce027edbce00000000004
097fffffff000000030000000300
0180000000000fffff7ff0000102
0200000020000004000000002003
07c473a249c473a249ffe239d104
0100800000003fffff0040000100
090000007fe8f079b20000003201
0140000000400000000000000004
099096af26a40589ec8004892403
0400000800000000010000000000
02fbffffff11013eadffffe00002
0900800000ffffffbf0080000001
0700000001800000000000000101
050000000036bb503e36bb503e03
010000007fffdfffff0020008001
08b3784b6380000000b3784b6300
03fffffffd0fffffff0000000102
00fffffeff100000000ffffeff02
0300000100fdffffff0000000001
0007ffffff07ffffff0ffffffe04
060000000094f2890d0000000001
06100000006aa755630200000003
05efffffff1aa8eb8ff557147002
03000000000fffffff0000000103
044eaf0b60007fffff0000000000
01b7ddb460b7ddb4600000000004
023fffffff004000003fffffff00
075e8eea84feffffff0000000001
04872739e407ffffff0000000002
08040000007660d30b7660d30b03
05002000009df9e33e9dd9e33e01
08ffffdfffffffdfffffffdfff04
0507ffffff07ffffff0000000004
000007ffff000000000007ffff00
043fffffff7fffffff0000000103
0740000000800000004000000001
05001fffff7fffffff7fe0000003
0800ffffff4960215c49ffffff03
07c03cf52dc03cf52dfffe01e704
021695eb5600000fff0000000000
025a9ef686000000005a9ef68600
094755a84400001fff0000084400
00c3b272a600000001c3b272a702
0807ffffff3e313cac3fffffff03
090800000000ffffff0000000000
0371ec32cf00001fff0000000000
08c8496ba528e12615e8e96fb502
0944ba6b75080000000000000000
090fffffff997c300f097c300f01
03ffbfffffffbfffff0000000004
07ade8b557000007ffffffffff02
012489a70e000000022489a70c00
07f84b65f7f84b65f7fffffff004
05bfffffff00000000bfffffff02
0400000000800000000000000101
05fffffffb00040000fffbfffb02
0663bf054863bf05480063bf0504
08af7b8ed7af7b8ed7af7b8ed704
0800000000000000000000000004
089c0672a9800000009c0672a900
0200000002fffffbff0000000001
0245e205d7ffffffdf8000000001
08f5fd75f5ffefffffffffffff03
09ee6dc36c000040000000400002
0484f3740484f374040000000004
03ffff7fffffff7fff0000000004
00ffff7fffcd68b955cd68395400
0407ffffff000000020000000000
01500c2db5ffbfffff504c2db601
07f3c98f8e00000001f9e4c7c702
08fdffffff2b52b91effffffff02
05ffbfffff00000100ffbffeff02
0010000000800000009000000001
0700000000000000000000000004
091fffffffffffffef1fffffef01
04ffffefffffffefff0000000004
05271873cc65cf48dd42d73b1103
09d29f1e591fffffff129f1e5902
09000000014eb98a3b0000000103
00e1a5ac3be1a5ac3bc34b587604
05ffffffff55c2c97baa3d368402
0238456193384561930c98000004
03a9591b63ffffbfff0000000103
06d50d1258b5efea8d0006a86800
0700000004000000040000000004
0000000001144ea73c144ea73d03
05ad5714baad5714ba0000000004
0700200000000000010010000000
031fffffff1fffffff0000000004
0920000000fffeffff2000000001
0900000000dff209740000000001
04ffffff7fffffff7f0000000004
0381aa5f4b81aa5f4b0000000004
09af79091d7fffffff2f79091d02
057fffffffb48b5a3ecb74a5c101
0400ffffff000100000000000000
02f7ffffffffffdfff8000000003
04ff7fffff1fffffff0000000002
04eba169a983d2b43e0000000000
04fffeffff000004000000000002
082ac639832ac639832ac6398304
04d630ca02d630ca020000000004
080e57e114007fffff0e7fffff00
0800ffffffc0963190c0ffffff01
08010000005a935d3f5b935d3f03
02000007ff0000000100000ffe00
02bfffffffbfffffff8000000004
08ddfe705600000100ddfe715602
0000000200000000040000020400
0300100000000000010000000000
0300000000ffbfffff0000000001
0800010000956e37e7956f37e701
029691b020000080009691b02002
0700004000fffffeff0000000001
03000000007fffffff0000000103
08a0a9dbd800000004a0a9dbdc02
05ff7fffff00200000ff5fffff02
037fffffff7fffffff0000000004
070fffffff8bc6f7160000003f01
09fffffff7ffffffbfffffffb700
0600000001000000000000000100
09577f0dccfffff7ff577f05cc01
0380000000fffdffff0000000103
02ff7fffffa5861dc4f7fffff000
0291214b77f8e3abb6ddc0000003
03f23522301e32b4d90000000102
06ffffffff7fffffff0000000102
090b3d152d0b3d152d0b3d152d04
01792eada20007ffff7926ada300
080000007f000000400000007f00
09f7ffffff037a7cea037a7cea02
034f720173fc12faec0000000001
00b8545e577fc78395381be1ec02
050fffffffdfffffffd000000001
0500000007fefffffffefffff801
0500000000000000040000000403
0780000000800000008000000004
06001fffff001fffff0000000004
0700000040ffffffff0000000001
070fffffffdfffffff0000000001
0900000080ffffffff0000008001
0700ffffff0000080000ffffff00
0780000000800000008000000004
06fffffff7fffffffd0000000703
0904000000040000000400000004
0500000003000000030000000004
079fe8b8715c3a0a06fe7fa2e102
080000000018ac4e4b18ac4e4b03
0500000001000000010000000004
097fffffff7fffffff7fffffff04
04fffffffefffffffe0000000004
06967ba17f967ba17f0000000104
080000003f0000003f0000003f04
037327010e7327010e0000000004
040000ffff0fffffff0000000103
092dfa48defffffdff2dfa48de01
0700000200ffffdfff0000000001
00000ffffff59d5e1ff5ad5e1e01
0800000008ffffffefffffffef01
04000800007fffffff0000000103
07fffffeff00100000fffffeff02
02742579c3f7ffffff8000000001
0651a7e8390000200051a7e83900
010918d532000000400918d4f200
0000000001000000010000000204
0961263844800000000000000001
09ffbfffffffbfffffffbfffff04
096a0561fef7ffffff620561fe01
070000000700001fff0000000003
03ffbfffff0003ffff0000000102
00bfffffffbfffffff7ffffffe04
0580000000148d6597948d659702
0224d160410000000149a2c08200
04fffffff78015b6fa0000000000
06fffff7ff00400000fffff7ff02
0500001ffffffffffbffffe00401
0380000000ffffffff0000000103
060000001fe2a5c33f0000000001
07c6ac207effffbfffffffffff03
080000000270f97df570f97df703
0240000000000000004000000000
002297ac58cfff19a1f296c5f901
087fffffff8c43b416ffffffff01
02fffff7ff00100000fffff7ff02
03fffffff75a395e580000000102
0900200000002000000020000004
0150a4fbed0800000048a4fbed00
02ffefffff80000000ffefffff00
05dd5232f700000007dd5232f002
0317fd3af90000001f0000000000
0072ed98464508182cb7f5b07200
09bbd1628dffdfffffbbd1628d03
08128b8d96b85fb78dbadfbf9f01
06fbfffffffbffffff0000000104
08fffffffff1e2b3e7ffffffff00
0400000001fffffffb0000000101
0396b4e535d00d03550000000103
03fffffeff7fffffff0000000102
079fe7f96c7b8bde26fe7f9fe502
0522d63b267fffffff5d29c4d903
09e7e738b6ffffffffe7e738b603
04fbffffff0000000f0000000002
0004000000040000000800000004
01cf404b0efeffffffd0404b0f03
068c85f1ce8c85f1ce0002321704
0008000000fffffff707fffff701
0140000000683ccb7fd7c3348103
05000010007fffffff7fffefff03
049901e610800000000000000000
01fffbffff00000001fffbfffe02
03000000010000003f0000000103
0300000000800000000000000001
0700200000000000200020000000
06000004000000003f0000000000
04c6f65f2480e816e20000000000
047c747d657c747d650000000004
05f4896334f48963340000000004
00000001ff00000200000003ff03
01ffffffff00000001fffffffe02
0400040000ffff7fff0000000101
01663001627c629c5fe9cd650303
01ffffffbf42321829bdcde79602
03003fffff003fffff0000000004
0300000200035f85e20000000103
04e1351360df075d600000000000
0700000000ffffffff0000000001
090d8fe557000400000004000000
007fffffff0000ffff8000fffe00
02b3f1bc0db3f1bc0d3781a00004
09fffffff7fffffefffffffef700
02fffdffffd73b752cdffff00000
0300007fff03ffffff0000000103
06881e1218bfffffff0000000103
01fa8d5963fa8d59630000000004
049509663dcde6ad090000000103
0300000020001000000000000103
0780000000800000008000000004
0401ffffff01ffffff0000000004
0096839c9b96839c9b2d07393604
0700000007ffffffff0000000001
02fffffeff81d6a9e8fffeff0000
07c79e8c2effffffffffffffff03
08fbffffff98d4e723fbffffff00
084a060209478dfcc04f8ffec900
007175a7bf34583608a5cdddc700
0380000000800000000000000004
09000001ff000000020000000200
0500020000000200000000000004
06efffffffefffffff0000000104
01ffff7fffffff7fff0000000004
07ffffffff127a7f53ffffffff02
04000000ff000000ff0000000004
0680000000020000008000000002
06000200008e1d75ce0000000801
01925d9338fb65205396f872e503
0300000000000000000000000004
07ffffbfffd0230457ffffffff00
09003fffff000000010000000100
09fffffffdfffffbfffffffbfd00
0900000100000001000000010004
0699a08ead99a08ead0004cd0404
07fffeffff40b4fb25fffff7ff02
0800200000000000000020000000
06274a1a4b274a1a4b0004e94304
03ffffffbf230a6f3a0000000102
076ecbdd410000000700dd97ba00
0600080000a3c067620002000001
03fffffffb800000000000000000
02bfffffffbfffffff8000000004
07faadcf5a000001ffffffffff02
097fffffff7fffffff7fffffff04
0400000200000000010000000000
01000007ff24b3fc76db4c0b8903
06fffffffbd5defa431fffffff00
00a8a4f6b3a8a4f6b35149ed6604
008f13f2b38f13f2b31e27e56604
09001fffff1e1123a4001123a403
0680000000a936df490040000003
03d5cac48f755ef6630000000102
0780000000000002008000000002
0300000200b838bb0e0000000001
04ffffffff000000010000000002
01ffffffff00000000ffffffff02
07003fffff003fffff0000000004
09ffffbfff8ecdf2a18ecdb2a100
0200000000800000000000000001
0740000000400000004000000004
06755a4152755a415200001d5604
0300000004000000040000000004
020003ffff0003ffff8000000004
0740000000400000004000000004
03000fffff0001ffff0000000000
01000001ff00000001000001fe00
0400000003000000030000000004
04bb39dc6a58a0e2480000000002
0700020000000001ff0000000000
0620000000200000002000000004
00ffffffff00000000ffffffff02
0200000000000000000000000004
06ffffdfffffffdfff0000000104
071f26636d9d1103fa0000000701
0800001fffffffffffffffffff01
012cbb3554ca9520fc6226145801
06003fffff003fffff0000000004
03b24b0439b24b04390000000004
0600000020fbffffff0000000001
0120000000ffff7fff2000800101
0800000000fffff7fffffff7ff01
0600002000000020000000200004
070000ffff800000000000ffff01
07fffffffdfffffffbffffffff00
0008000000fff7ffff07f7ffff01
06ba5a67993db2438602e9699e02
0300000000000010000000000103
01fffffeff00000200fffffcff02
05561984db01ffffff57e67b2400
02fffffffdbbac4735ffa0000000
087102b70cffffefffffffffff01
0200000001400000000000000103
010002000020000000e002000003
07d97fc30900000007ffb2ff8602
07ffff7fff7fffffffffffffff02
06000000005deeb6240000000003
0540bfabef7fffffff3f40541003
0351a3b533ffffffff0000000001
06c6aa7a7fc6aa7a7f0000000104
09040000007fffffff0400000003
06fffffffffd00faab001fffff00
0100000200fffeffff0001020101
030a0cb369679bbb640000000103
06ffffbfff752f15e31ffff7ff02
03000020007fffffff0000000103
0000000007ffff7fffffff800601
07c1e215aac1e215aafff0788504
0780000000000007ffffffffff02
05939976d500000200939974d502
0000100000ffffffff000fffff01
09000000000000003f0000000003
07ffffffffffffffffffffffff04
09000000107de45c460000000003
0480000000bb2a58bd0000000103
06ffffffbfffffefff0000000100
09a4d7f0ce000004000000000002
0280000000ffffefff0000000003
086689d72bfdffffffffffffff01
0935c5ccb7feffffff34c5ccb701
06fffffffbefffffff0000000100
040fffffff0fffffff0000000004
0600000001fffffffe0000000001
0580000000800000000000000004
00fe1b0b12003ffffffe5b0b1102
0562a2403c0000200062a2603c00
0700000000ffffff7f0000000001
07fffffdff00002000fffffdff02
06fffffbfffffffbff0000000104
07fffff7ff1cac3b4afffffffd02
02ffffffff00000001fffffffe02
04e4f7aeda000000040000000002
01bfffffffbfffffff0000000004
06721ca9e4b7dbe356000001c801
073a2195e33a2195e3074432bc04
0900000100000000000000000000
0800004000000001000000410000
03ffffefff7fffffff0000000102
0375476c42bd3c423a0000000001
05fffff7ffb46968084b969ff700
09df221e3601ffffff01221e3602
04000000000fffffff0000000103
03a79c1f474dd2efa50000000102
04ffffefffffffefff0000000004
0720000000200000002000000004
007fffffff000000018000000000
0400000000000000000000000004
09fefffffff6b35e27f6b35e2700
05fffffffdf7ffffff0800000200
03fffffffbfffffffb0000000004
0396855055968550550000000004
00c8ec66fe00010000c8ed66fe02
03b37fc5a9800000000000000000
0901ffffff3fffffff01ffffff03
0880000000ffffffffffffffff03
087fffffff7fffffff7fffffff04
02fbf8555d00000000fbf8555d02
0500007fff5c3821335c385ecc03
04f510297cc8d76f070000000000
001fffffff000fffff200ffffe00
0000000004000000000000000400
05ce799771ce7997710000000004
078f70242ad990c9ccfff8f70203
011fffffff000000011ffffffe00
063b53eef1fffffff70000007601
06ffbfffff1f026c4b001ff7ff02
03be000ca7ffffffff0000000103
00000100004ddf61124de0611203
0800000000001fffff001fffff03
02fcc98a52fcc98a522948000004
05ffffffffffffffff0000000004
08ffffff7f34793a96ffffffff02
07007fffff00000040007fffff00
05ffffffffffffffff0000000004
0000000000000000800000008003
05fdffffffffffffdf0200002003
0400000000000000000000000004
0900000020000080000000000003
08ffffff7f8389c9ffffffffff00
0100002000000020000000000004
0400001000dccfbb600000000101
06ffffbfffffffbfff0000000104
0400000003800000000000000101
0800000003000000030000000304
007fffffff7ffffffffffffffe04
074bbb41dd0000000125dda0ee00
06c87f4528c87f452800c87f4504
05ffbfffffffbfffff0000000004
09000003ff31e98bef000003ef03
0100020000000000000002000000
06ffffbffffffffeff0000000103
0585743d800000000f85743d8f02
0500000400000000400000044000
002c762e20ffffffff2c762e1f01
080007ffff750a84a0750fffff03
0400000001d9d8a5e40000000101
0900100000001000000010000004
08b531af5937b5aac3b7b5afdb02
064e9d6cf74e9d6cf70000009d04
091f7a5444000000000000000000
030000003f000000400000000103
01b284087bb284087b0000000004
04d80db917d80db9170000000004
02ffdfffffb9610bff8000000000
02fffffffffffdffff8000000000
02ebb2c00022b3c9ef6000000002
03ffbfffffffbfffff0000000004
047fffffffffffffff0000000101
06fff7ffff00000200fff7ffff02
0656511fe256511fe2159447f804
09efffffff400000004000000002
02fbfffffffbffffff8000000004
073deb56e8fffeffff0000000001
0700000001000000010000000004
0800000000ed81794aed81794a01
0100200000007fffffffa0000103
080020000088a9112788a9112701
0700000001200000000000000103
09fbffffff00003fff00003fff02
04878734f9000200000000000002
040000000032b9aa700000000103
020fffffff9d2cf092fffc000001
02583d9a07583d9a071ecd038004
04fffffefffffffeff0000000004
000dc18a674c032f5a59c4b9c103
09ffffffff000000100000001002
02ffffffffffffffff8000000004
053c1f82653c1f82650000000004
04ffffffff0fffffff0000000002
0080000000800000000000000004
07efffffffefffffffffffffff04
04dfffffffdfffffff0000000004
08ffffdfffffffffffffffffff03
0000000000294db527294db52703
02c121c95940000000c121c95902
03fffffffbfffffffb0000000004
08e1c9ccd4ffffffffffffffff03
010008000008000000f808000003
04fec03751f0d266cc0000000000
002e5c1314000040002e5c531400
0727ec0ed8b3368e7e0000000001
0159b5d4557fffffffd9b5d45603
001fffffffffffefff1fffeffe01
037fffffff100000000000000000
0900000020000000200000002004
0500000000ffffffffffffffff01
0531fb7edffffffff7ce04812801
03c97f71907fffffff0000000102
00e587a90700000008e587a90f02
001447b8defffeffff1446b8dd01
02f3f7357380000000f3f7357300
02000000ff046a2ad63fc0000003
00835bc4eb835bc4eb06b789d604
03ffffffff0007ffff0000000102
0603ffffff03ffffff0000000004
072063b9b900000fff0000000000
08f2cbea677fffffffffffffff02
07f85f7621a10a8004ff85f76200
02c914c640efffffff0000000003
0900000001ffffbfff0000000101
03ffefffff0003ffff0000000102
002a63987dffffffff2a63987c01
01b1e66d7e31f7bccf7feeb0af02
09ff7ffffffffffeffff7ffeff03
040000000100ffffff0000000103
0480000000800000000000000004
0404a721b3ffffffff0000000101
0180000000040000007c00000002
09fffffffeb9690183b969018200
0900080000e1bca5f70008000001
027f4ede5007ffffff0000000000
06fffffffdfffffff7000001ff00
08fffbfffffffbfffffffbffff04
0822c1c86cfffff7ffffffffff01
07fffbffffd3455772fffffffe00
0900000001000000000000000000
0300000ffffffbffff0000000001
04ffefffffffff7fff0000000103
0900004000000040000000400004
06fffffbffffff7fff0000000100
08ffffffbf7fffffffffffffff02
06ffffffef7fffffff0000000102
070000001f0000001f0000000004
03ffffffffffffffff0000000004
0716a86ac10000000016a86ac100
0700000800000008000000080004
0100000000c702809338fd7f6d01
090ffffffffffffbff0ffffbff01
07e1056be4e1056be4fe1056be04
09200000004049c86e0000000003
0680000000000000031000000002
06efffffff0fffffff0000000102
090008000019e634ca0000000003
02fffffffffffffdff8000000000
009dfe6e20000020009dfe8e2002
00000000401fffffff2000003f03
0898560b4398560b4398560b4304
070000000100ffffff0000000003
0880000000800000008000000004
007fffffffd9fc5f7a59fc5f7901
06ae3a815b438222f200002b8e02
01c30e37634d3e3a6775cffcfc02
057fffffff7fffffff0000000004
02fffffffd00020000fffffffd02
01fffffdff003fffffffbffe0002
0702000000020000000200000004
090008000071a76e830000000003
09fc5ce851fc5ce851fc5ce85104
090000000f0000000f0000000f04
070000007f000020000000007f03
00000fffff00ffffff010ffffe03
0980000000000000000000000002
027a2c54357a2c543586a0000004
09ff7fffff000000020000000202
05007fffff007fffff0000000004
0700000000000000000000000004
02000001006014bc240000100003
007ffffffff9a2d7a979a2d7a801
00000003ff000007ff00000bfe03
07b6c1bd28b6c1bd28ffb6c1bd04
04ffffffef0000ffff0000000002
061fffffff000200001fffffff00
0500000020e8d5ced7e8d5cef701
0410000000100000000000000004
01ffffffbfffffffbf0000000004
01fffffeff02000000fdfffeff02
05c5155979c51559790000000004
06b13bb0bcb13bb0bc0000000b04
0859045a6cf7ffffffffffffff01
02fffff7ff109a14dde000000002
09bfffffffbfffffffbfffffff04
0000002000b48114e8b48134e801
057fffffff09704e8a768fb17500
055b1a500b000000015b1a500a00
08e9b53b79787eef70f9ffff7902
0800000100800000008000010001
04fffffffb07ffffff0000000002
02ffffffff00000000ffffffff02
06000fffff80000000000fffff01
06000003ff75c1d8300000000003
04ba8d0ea17fffffff0000000002
0300000001000400000000000103
05fdffffff0306cd87fef9327802
05b19e48eba4958074150bc89f00
07d14370c9efffffffffffffff03
06000003ff26469640000003ff03
020001ffff0001ffff8000000004
05fffeffff00040000fffaffff02
00ffffdfffd95e789cd95e589b00
0849707717000000204970773700
0100008000fc16fee003e9812001
057fffffffffffdfff8000200001
04c49e203d1a2819f60000000002
0657c7acdb0007ffff0000000000
01dfffffff439a09f69c65f60902
0402000000020000000000000004
04fbffffff6eedc4ed0000000002
0200000040000000400000004004
0400000003fffffbff0000000101
070e83ed901d37c65c0000000003
05fff7fffffff7ffff0000000004
0700000fffdfffffff0000000001
0300020000be64df9e0000000001
04fffdfffffffdffff0000000004
09ffff7fffffbfffffffbf7fff00
011ccf52c886baaf879614a34101
0800000000000000030000000303
06ffffff7f7fffffff0000000102
03ebc5ee37e4699fa70000000000
017ffffffffeffffff8100000001
07d4e280ba00008000d4e280ba02
02001fffffffffffff8000000001
0500000020ee4efe35ee4efe1501
09d64f461b24c8f47d0448441902
02000003ff000003ff8000000004
090cb301592a6c13020820010003
06000040000000007f0000000000
077fffffff7fffffff0000000004
0000000001ffffffdfffffffe001
060000000410c5ca1e0000000003
0300000000400000000000000103
0800000fff0000000300000fff00
0000004000000040000000800004
00007fffffffffffff007ffffe01
0075a2dbf175a2dbf1eb45b7e204
08fffdfffffffdfffffffdffff04
00fbffffffffffbffffbffbffe03
0707fffffffffeffff0000000001
0937e0bbc93019f6683000b24800
0700000002000000020000000004
08ddf1fce552b87b98dff9fffd02
0500ffffff0003ffff00fc000000
047953b93eb4f6b8590000000101
04297a06869ee87e230000000101
0000000000000000000000000004
04916be3a5ff9a386e0000000103
0407ffffff07ffffff0000000004
03ffffbfffffffbfff0000000004
06fffefffffffeffff0000000104
07e1c67cb13f2480a6ff8719f202
01ab7085f1ab7085f10000000004
0500800000008000000000000004
0700000000008000000000000003
03fffffeffffff7fff0000000000
037fffffff7fffffff0000000004
05748cff9280000000f48cff9201
05fffff7ff805635fb7fa9c20400
0800000080e5188737e51887b701
06ffffff7fffffff7f0000000104
0600003fffcd853165000001ff01
00ffffffff74cf492d74cf492c02
0500000040fd117344fd11730401
0100000000000000000000000004
0900010000000001ff0000000000
0700010000ffffffff0000000001
0748290ee548290ee50241487704
0182bd2cb1263ccdd65c805edb02
034d576e14000080000000000000
0600080000000400000008000000
014f99d7c380000000cf99d7c301
07bfffffffbfffffffffffffff04
03619cfb30bbd03b720000000001
0708000000010000000800000000
017fffffff7fffffff0000000004
0600000000001fffff0000000003
00fffffdfffffffdfffffffbfe04
010003ffff0000007f0003ff8000
0200000001000080000000000103
07000008007fffffff0000000003
00c43bb07302000000c63bb07302
090003ffff001fffff0003ffff03
03000000012737e3fa0000000103
016cf50dd9ffffffff6cf50dda01
09ffffffffffffffffffffffff04
012000000080000000a000000001
0500000000ffffff7fffffff7f01
00003fffff003fffff007ffffe04
0500008000ff7fffffff7f7fff01
010100000000001fff00ffe00100
02bfffffffbfffffff8000000004
09001fffff010000000000000003
07001fffff00080000001fffff00
01ffffffffffffffff0000000004
008a659bfc0003ffff8a699bfb02
0876b7828276b7828276b7828204
023ba8f100f10118ef7880000001
0338cc188fdf36feda0000000001
061c3e41fe23c856ca00070f9003
070003ffffffffffff0000000001
04ffff7fff001fffff0000000002
087c717d477c717d477c717d4704
0301000000ffffffbf0000000001
05100000000000000f1000000f00
08007ffffffffffffdffffffff01
0834eba0aaffffffffffffffff01
07ad1a5f09ad1a5f09ffd68d2f04
06f332b9b8f332b9b8000000f304
064fe2dddde1f3006f00009fc501
0200008000894e9afa0000000001
0000200000002000000040000004
099bd5e0fbced5c00e8ad5c00a03
03000003ff12da9c190000000103
0000010000000100000002000004
0743aab1ec43aab1ec00043aab04
01d0d9bb6cd0d9bb6c0000000004
03367a741a0007ffff0000000000
0000000000000000010000000103
07ffff7fff00000800ffff7fff02
097fffffff2d0eb5cf2d0eb5cf00
008eb4b4ee00003fff8eb4f4ed02
0400000000000000000000000004
082cbab8a507ffffff2fffffff00
05832b7107510cec89d2279d8e02
0500000001000000010000000004
02000007ff00004000000007ff03
0500000007ffff7fffffff7ff801
02ffffffff003fffff8000000002
0100000040000000400000000004
02d870752200400000d870752202
060000007f000000000000007f00
06ffffffefffffffef0001ffff04
09bfffffffbfffffffbfffffff04
09fffdfffffffffffffffdffff03
05974b36ac974b36ac0000000004
0820000000000800002008000000
06ffffefffbfffffff0000000100
05003fffff003fffff0000000004
0500000001000400000004000103
030000001fffffffff0000000001
0200000004ffffffef0002000001
090007ffff03ffffff0007ffff03
02ffffffff00200000ffffffff02
0300000008a62543320000000001
06000fffff02000000000fffff03
021524d2e71524d2e79269738004
070000ffff000000000000ffff00
09b024d4f9000000000000000002
040000001f00001fff0000000103
06906f95dd906f95dd0000000404
09ffffffffffffffffffffffff04
0380000000800000000000000004
0200001000400000000000100003
01fffffbff6e6d08209192f3df02
0807ffffff8000000087ffffff01
080000000021cf7d9c21cf7d9c03
05ffffffff773537c888cac83702
016f5672cd01ffffff6d5672ce00
0200000008c8eacffc8000000001
030000ffff000000030000000000
06ffbfffff80000000ffbfffff00
047fffffff000000010000000000
07fffffffe02bafe94ffffffff02
07ebc22aa1ebc22aa1f5e1155004
0209c843bc2e5712b31de0000003
0300000001800000000000000001
0982441101000000070000000102
01000000031a89760ce57689f703
02686a559e686a559e8000000004
0100800000ff7fffff0100000101
04ffbfffffa681b79b0000000000
0726e1749e8000000026e1749e01
020b336b8ad41957011666d71401
06dc6b883f04000000dc6b883f02
018c1f03f384813a04079dc9ef00
030000000129bfac100000000103
07a414b155a414b155fffffd2004
07bffffffffdffffffffffffff03
030001ffff7423e0000000000103
0200000000000000000000000004
08ffffffefa7480469ffffffef00
06ce128ebb00000200ce128ebb02
0700ffffff529a3222003fffff03
037fffffff001000000000000000
01f7ffffff7fffffff7800000002
00000100007fffffff8000ffff03
0600000000000000000000000004
0607ffffff07ffffff0000000004
07e4d897b0f9063c52fffff93603
01506467520003ffff5060675300
093aec0d650000003f0000002500
040000007f000000000000000000
0500000001000000010000000004
057fffffff7fffffff0000000004
08ffff7fff0000ffffffffffff02
07ffffbfffffffbfffffffffff04
0780000000769888d5fffffc0002
004000000017136a5557136a5500
06349f15db00008000349f15db00
0840000000ffbfffffffbfffff01
05b530641523cb4b5796fb2f4202
09ffffbfffcf30f4e3cf30b4e300
0700000001000000010000000004
061fffffff000000010fffffff00
0900000001000000010000000104
05ffffdfffaf15022350eadddc00
084c19c540004000004c59c54000
04bfffffffefffffff0000000103
010058b6c5ffffffff0058b6c601
0381fe0e7381fe0e730000000004
0308d3335708d333570000000004
06001fffff00040000001fffff00
0201ffffff000000ff8000000000
01e39c71dcffffffffe39c71dd03
05fff7fffffff7ffff0000000004
01b4c9983db4c9983d0000000004
07000000009676d4f40000000001
0662470ae1fbffffff0000000001
04fffdffff86e3880d0000000000
06ffb5ba31003fffff0000000102
0931507923315079233150792304
030fffffff0000003f0000000000
08711bef6f711bef6f711bef6f04
01bfffffffbfffffff0000000004
08125ea0fd125ea0fd125ea0fd04
02ffffbfff00001000ffffbfff02
07f80e8dc84ac23d27fff01d1b02
00fffffff7000000ff000000f602
02000000084c65f4e20000002003
01ea1e87f504000000e61e87f502
01fffffffd00000001fffffffc02
099cbb6f811fffffff1cbb6f8102
067034e7acffffffff0000000001
000001000000003fff00013fff00
0376e9b521b66e423c0000000001
01fa98d1b1000ffffffa88d1b202
08000000027fffffff7fffffff03
01fffffffbfffffffb0000000004
0900d055e4fdffffff00d055e401
063eb85769000400003eb8576900
0401000000000000200000000000
059ea3c4f2fffffdff615c390d03
060000000f000004000000000f03
05fffeffff00000001fffefffe02
0282fbc3590000100082fbc35902
040000000049d532b20000000103
07c3a2acf3fffffdffffffffff03
007fffffff7ffffffffffffffe04
0310000000fffdffff0000000001
0616e71ede16e71ede0000000004
040000007f000000ff0000000103
05fff7ffff00000001fff7fffe02
00ffefffffffefffffffdffffe04
00fdbc2c7c0000003ffdbc2cbb02
028ba01148000000808ba0114802
06f1e3147b00003fff0000000102
037fffffff64be597f0000000000
09c22deb30080000000000000002
097fffffff7fffffff7fffffff04
0980000000ffefffff8000000003
0608000000ffffffff0000000001
001659e404f86a84750ec4687901
020003ffff000000200003ffff00
03ffefffffffefffff0000000004
01fffbffffffffeffffffc100003
0400000000fffffeff0000000101
040000007f77a466e70000000103
0000800000008000000100000004
0020000000411c84f4611c84f403
0400000001000000010000000004
037fffffff00000fff0000000000
074715e285ffffffff0000000001
07000000ff000000ff0000000004
0300000001fbffffff0000000001
0880000000000040008000400002
08fffbfffffffbfffffffbffff04
077fffffff7fffffff0000000004
070000007fbf23e74a0000000001
0300003fff020000000000000103
05de046191de0461910000000004
00ffffefff00000001fffff00002
08772ccbc4ffffffffffffffff01
0508000000fffffffff7ffffff01
097fffffff7fffffff7fffffff04
0300000fff6f186d730000000103
0846d6885a46d6885a46d6885a04
03148f3de2000000010000000000
07bdb63dc27b35eabbfffffff702
03fffffffd78b5189b0000000102
05ffffffdf6ac2e4eb953d1b3402
00057168a500000010057168b500
02f2652cdcf2652cdcc000000004
051fffffff1fffffff0000000004
028323ad397e4d904b1d69c80002
093fffffffa8feb67528feb67501
090000fffffffeffff0000ffff01
019deec3cb307c00af6d72c31c02
02d591029300000000d591029302
04fffffbff125e10d60000000002
057fffffff7fffffff0000000004
08f7fffffffffff7ffffffffff03
090000007f000000000000000000
09feffffff800000008000000000
0200000000c9102db80000000001
00ffffff7f7fffffff7fffff7e02
022f5f36bc001000002f5f36bc00
08ffffff7fffffff7fffffff7f04
067fffffff7fffffff0000000004
09fffdfffffffdfffffffdffff04
04000000019c7d672c0000000101
0220000000200000002000000004
03fffdffffdfffffff0000000000
027fffffff3d3d81d0ffff000000
07dc64f984dc64f984fdc64f9804
04535fd02d70def28b0000000103
009d7a169f000800009d82169f02
03bebf754569ca9d870000000102
043fc156aefffdffff0000000101
060c6cbe34000000000c6cbe3400
0800080000993838649938386401
00fffffffd07ffffff07fffffc02
0300ffffff967db94a0000000001
0600000100000001000000010004
091487c7961487c7961487c79604
00ffffffff000000010000000002
054132008d00080000413a008d00
040000ffff7fffffff0000000103
02ffefffff00001fff8000000002
04f68e074c5f6269ee0000000002
07c202207dc202207dfffffffe04
030ffffffffdffffff0000000001
08d684b9b940000000d684b9b902
0580000000001fffff801fffff02
08b7560f68b7560f68b7560f6804
08aadd0d8600000040aadd0dc602
05886415be886415be0000000004
0740000000008000004000000000
0300000001000000010000000004
080000007f8812f88d8812f8ff01
0178435f41fffffffe78435f4301
03ffffffbfffffffbf0000000004
0700fffffff55b0f0a00003fff01
017fffffff7fffffff0000000004
0400000100000001000000000004
0300000000ffffffdf0000000001
01fff7ffff8f81676a7076989500
02ffff7fff217c1c21fffefffe02
057fffffff0003ffff7ffc000000
0900800000aba4062c0080000001
0700000000080000000000000003
04949641f0000200000000000002
0700000004000000040000000004
061c880c7f37a4deb90000000e03
0400000001852339440000000101
0286d533e4fbffffff0000000003
0200400000800000000040000001
018f767091000000008f76709102
070003ffff0003ffff0000000004
03a2efee57a2efee570000000004
0200010000ffefffff0000000001
055cac42c2fffff7ffa353b53d01
0200000001feffffff8000000001
06000000ff000000070000000100
037fffffff800000000000000001
0578084832000000017808483300
00fffffdff7fffffff7ffffdfe02
068eaebe3b0000000147575f1d02
0800000001000007ff000007ff03
02fffff7fffffff7ff8000000004
0500080000000800000000000004
05fffffffe00008000ffff7ffe02
0279d18bb30000100079d18bb300
0780000000800000008000000004
00001fffffffffffff001ffffe01
034fea59284f6d31140000000000
0500000001b3c3848eb3c3848f01
08ffffff7fffffff7fffffff7f04
0580000000000080008000800002
0400000100ffffffff0000000101
0740000000080000004000000000
0700000fff56589b180000000003
039e4aa522b844a9490000000103
0100000001000000010000000004
0508000000fffefffff7feffff01
07001fffffaf6707570000000001
00ffffdfff23d8101523d7f01402
02fbfffffffbffffff8000000004
0800400000800000008040000001
09b7e174e9b7e174e9b7e174e904
05ffffffffffffffff0000000004
0900800000008000000080000004
08a6500757000003ffa65007ff02
04ffffffefeb3dc3930000000000
090000007f0aa48b1a0000001a03
0600000007000000070000000004
0101ffffffec6f659815909a6701
06000007ff00001000000007ff03
060040000001ffffff0000000003
07ffffffef08000000ffffffef02
047b6654ce7b6654ce0000000004
09000003ffa0f50f7e0000037e01
0200000001000000010000000204
0100000200fffffffb0000020501
00a36a4cd5a36a4cd546d499aa04
05dfffffff12ffd118cd002ee702
07d0200b93f580ca00d0200b9303
017fffffffb8818ca4c77e735b01
0603ffffff03ffffff0000000004
0702000000000000010100000000
01f7fffffff7ffffff0000000004
0880000000800000008000000004
0980000000800000008000000004
03a7652d78ffffffff0000000103
0000000004000000040000000804
04ffffffff7610ef7e0000000002
02b75682e6000000016ead05cc02
093fffffff7fffffff3fffffff03
029ddf0712000004009ddf071202
04800000007fffffff0000000002
057ffffffffeffffff8100000001
055fb4f3777ea38e5f21177d2803
0680000000800000008000000004
0200000fff6ff40c323ffc000003
02ffffdfffffffdfff8000000004
077e11a626e3ce47021f84698901
087fffffffffbfffffffffffff01
0249cef31349cef3139898000004
02997bf3afbfffffff8000000003
006f7753ee6f7753eedeeea7dc04
06d7aedfa826c2ec95000006bd02
04004000000003ffff0000000000
0900000004000000040000000404
0200000001c7356d0e0000400001
09000fffffffffffef000fffef01
05933810345ed64308cdee533c02
0580000000000000008000000002
06d1f0ed512d5117040d1f0ed502
0100040000000400000000000004
0520000000fdffffffddffffff01
0300000007000000400000000103
034d94a86d816f01340000000001
04000020000a86c7980000000103
058000000063f0d254e3f0d25402
0221dfa039ffffff7f8000000001
037fffffff07ffffff0000000000
09001fffff19d9b9910019b99103
080001ffffad816592ad81ffff01
0100000000000000000000000004
08ffefffff4f1f0795ffffffff02
0780000000007fffffffffffff02
04fffdffffffffffff0000000103
0696a8c016000000014b54600b02
000200000007ffffff09ffffff03
0300010000000000030000000000
09ff7fffffff7fffffff7fffff04
057fffffff801bc98bffe4367401
01efffffff03ffffffec00000002
01ccbeb2bb0000003fccbeb27c02
01007fffff007fffff0000000004
050000000129e4d36829e4d36903
007fffffff532a9e52d32a9e5100
027fffffff942756b8ff00000001
087fffffff2f65093a7fffffff00
08fd9e3e297fffffffffffffff02
08efffffffffdfffffffffffff03
00f64dd2e7ffffbffff64d92e603
0001ffffff01ffffff03fffffe04
02000003ff957aa201000007fe01
095db2a3a7ff7fffff5d32a3a701
06de627271fffffbff0000000103
0200800000008000000080000004
0400008000004000000000000103
0826d074092496569526d6769d00
00007fffffec07a3feec87a3fd01
08007fffffc4e111fec4ffffff01
06f729590cf729590c000f729504
017ebf48f37ebf48f30000000004
0600000001ffffffff0000000001
04bde3193f000000200000000002
000000003f0000003f0000007e04
01000100002b69267ed497d98203
06371d06d3979ae6f70000006e01
08ffdfffffffdfffffffdfffff04
02b67982b00000ffff0000000002
00e544933e02000000e744933e02
0580000000800000000000000004
0869886344698863446988634404
05001fffff001fffff0000000004
0400001fffb182e4980000000101
08eea5517125478337efe7d37702
0949125f3c40c56b3340004b3000
09000000009de433790000000001
00fffffffdfffffffdfffffffa04
06fffeffff0ec5932e0003fffb02
0900000000000000800000000003
05ffffffff29a8c51ed6573ae102
00eee971a9eee971a9ddd2e35204
03b6aa420c000040000000000102
09fffbffff6a965ba56a925ba502
08332b2c0fffffffffffffffff01
01000000008c4b9b5a73b464a601
060f2230bfffffffff0000000001
040003ffff0003ffff0000000004
00fff7ffffc67194d0c66994cf00
0900000200000002000000020004
03ffffffffe8c8df9d0000000000
0503fffffffbd0ae60f82f519f01
002fe3a9922fe3a9925fc7532404
0216aace86000000012d559d0c00
00a11d3c6db5ea413857077da503
03ffff7fff800000000000000000
02000003ffdfc6831f8000000001
010003ffff0003ffff0000000004
03fbfffffffbffffff0000000004
05fffffeff20000000dffffeff02
01b64dbb143fffffff764dbb1502
03000003ff000000000000000000
020000001fc5dcf06d0003e00001
0000000001000010000000100103
09fbffffffffffffdffbffffdf03
04f3049d45fb202ffc0000000103
06bfffffffdfffffff0000000103
00003fffff0a77edc20ab7edc103
082184b6ee2184b6ee2184b6ee04
00ef6c66c000000001ef6c66c102
0200003fff0001000000003fff03
08f7ffffff01fffffff7ffffff02
007c4f88287c4f8828f89f105004
0600080000000003ff0000000000
0691d58d510200000091d58d5102
0900000fff000000800000008000
03d314519ffffffffd0000000103
0900010000000000000000000000
057fffffff1810e70167ef18fe00
09ffffffeff574d79ef574d78e00
09a13f52c80000000f0000000802
02ffffeffff2379608ffefff0000
0413dfdaae7fffffff0000000103
03ffffdfff000000020000000102
098d937e8d01ffffff01937e8d02
0800400000bfffffffbfffffff01
08975f6f0d975f6f0d975f6f0d04
07000080004106493a0000000003
0675422f690000003f0000000000
05693fb44eeaa2a3e2839d17ac01
0200007fff00007fff8000000004
06f1255cd8f1255cd8000000f104
07000800000000001f0000000000
0830a019de30a019de30a019de04
045b7e5812c3e414c60000000101
020000000130f3fc4e0000400003
09000800005c3239340000000003
03001fffff000000010000000000
04bfffffffbfffffff0000000004
0800000000000000040000000403
046ef4f32b6ef4f32b0000000004
0300000000000000000000000004
0300000000000000030000000103
04000000407fffffff0000000103
030001ffff0001ffff0000000004
08411c0caeffdfffffffdfffff01
08000000ff00800000008000ff03
01fffdffff00040000fff9ffff02
05ffffdfffffffffff0000200003
010000001f0000001f0000000004
0137f32437e97f740c4e73b02b01
04ffff7fff020000000000000002
01ffffffff00001000ffffefff02
04ee40e4181fffffff0000000002
0303ffffff000000400000000000
051946897eb006a6e2a9402f9c01
078000000054201383f000000002
0000000fff8b12e9848b12f98301
09fffffff70000001f0000001702
06007fffff18cd6bb60000000103
070000000100000fff0000000003
01fffbffff00004000fffbbfff02
07f90489fefffffffbffffffff03
04ffffbfff3568d9240000000002
00000007ffa04a04e6a04a0ce501
0480000000fffbffff0000000103
066fce555e6fce555e0000000104
0680000000f0eba1c22000000003
03aa5f7a3702fc05dc0000000102
003bfbe1397fffffffbbfbe13803
007e9881f899dabc6118733e5901
0946f3b3679a7e51c40272114401
0200007fff00007fff8000000004
05fffffbffffffffef0000041003
05fffbffff2ebd6d82d146927d02
062b1d72d400000001158eb96a00
0900004000001000000000000003
0500fffffff7fffffff700000001
05f454c77c0000007ff454c70302
0900004000000040000000400004
04ffffff7ff07109540000000000
06b867946e00000400b867946e02
0842f64f91967f34efd6ff7fff01
0810000000000000081000000800
000000200000ffffff01001fff03
0600000040ffffff7f0000000001
05000000047fffffff7ffffffb03
06bfffffff4fc671ec000bffff02
0600008000000000010000400000
06ffffbfff0000001f0000000102
0200008000000080000000800004
057fffffff000001007ffffeff00
04ebf125b0800000000000000000
0700100000001000000010000004
06d4b94ad57fffffff0000000102
06e7371b33fffffff7000001ce03
095cb2f7095cb2f7095cb2f70904
0610000000080000001000000000
0100000080e3e124291c1edc5701
0300000000bfffffff0000000001
07ff7fffffff7fffffffffffff04
09fffffffbfffffffbfffffffb04
0600000400000004000000040004
0780000000000000008000000002
019d16608a94534b6708c3152300
0780000000a3bf57bdfffffffc03
0228794b97d8fe8da150f2972e01
05fffffffeabef2d5f5410d2a100
0200800000edb8a4550000000001
0700000fff5aa69e2c0000000003
01ffffffff01c0f716fe3f08e902
0700000001000000800000000103
07e78add2cffefffffffffffff03
007c2c9b447c2c9b44f859368804
09d0703735cce3238fc060230500
03dfffffff000010000000000102
09007fffff00007fff00007fff00
0080000000000000008000000002
0800000000000000000000000004
01efffffffb37345773c8cba8800
0080000000ffffffbf7fffffbf03
01000010001d32ae41e2cd61bf03
05fffff7fffffff7ff0000000004
05bffffffffffffffe4000000103
0800001ffffffffffdffffffff01
0128b0b41f28b0b41f0000000004
0800000001fd10eac7fd10eac701
04040000007fffffff0000000103
07c8957745c8957745fe44abba04
0400200000ea6c4f820000000101
010007ffff0007ffff0000000004
08fffffffbfffffffbfffffffb04
0900fffffffffffeff00fffeff01
0960c17a7b60c17a7b60c17a7b04
00c79f07d2000001ffc79f09d102
03000007ff000007ff0000000004
0600000003000000010000000100
04bb52b925dfffffff0000000103
0180000000800000000000000004
09ffffffffffffffffffffffff04
02c8bd313328faa6db9800000002
0900008000fffffffd0000800001
040000001039f0d5d00000000103
02ffffffffffffffff8000000004
0703ffffff882906b0000003ff01
0300000010ffffffff0000000001
07d2585a513935a93effffffff02
047fffffff0007ffff0000000000
0967bc11d24d3b4aeb453800c200
01b7c097d3fffffffeb7c097d503
0700000200020000000000020003
0200000400ffdfffff0000000001
00d826f5ef800000005826f5ef00
0900000001000000010000000104
05fffffffffff7ffff0008000000
01c2c1f919c2c1f9190000000004
0071fc11b371fc11b3e3f8236604
0700004000f7ffffff0000000001
0400000004800000000000000101
030000001f000000080000000000
0900000001000000010000000104
08000000007fffffff7fffffff03
08fffffffd00004000fffffffd02
06fffffbfffffffbff0000000104
0800040000000400000004000004
0902000000020000000200000004
07800000007fffffffffffffff02
059f4495e397d44b920890de7100
00299c218700000001299c218800
09000080007b1bf7500000800003
034656755c4656755c0000000004
098000000003ffffff0000000002
0900010000bfffffff0001000001
04fffffbff4fdf00840000000002
0338fbb8d538fbb8d50000000004
031bef54111bef54110000000004
0511ffb137a422fc3db5dd4d0a01
08a1f2785ba1f2785ba1f2785b04
032ea2cf5b2ea2cf5b0000000004
0501ffffff37897705367688fa03
0784c9db7477fd2112ffffe13202
030000007f0000007f0000000004
031ec82031fffffffe0000000001
01ffdfffff892b10c676b4ef3900
014a11687a4a11687a0000000004
09ffffffffffffffffffffffff04
04c63ff776c63ff7760000000004
093c6b7545000000000000000000
07000007ff000007ff0000000004
070000020015e2a90a0000000003
0900000040fffffeff0000004001
017d00ece57d00ece50000000004
0400001000efffffff0000000101
07ffffdfff00000000ffffdfff02
04000000017fffffff0000000103
06bfffffffbfffffff0000000104
04d2fa65b24abde68a0000000002
0200000001c6bc1e5f8000000001
04ff7ffffffeffffff0000000000
03d25b4feeed9cd5010000000103
0300000000000000000000000004
0600000000800000000000000001
07fff7ffff00000001fffbffff02
034daa031263f69c140000000103
03ffffefff0000001f0000000102
04c4fc134f800000000000000000
0200000001000000010000000204
09c9c9de53c9c9de53c9c9de5304
01020a05e880000000820a05e801
0600800000001fffff0000000000
080003ffff7fffffff7fffffff03
01ffffffffffffffff0000000004
0949cd10fd97ea401801c8001801
03bb48cad2008000000000000102
06141056dd141056dd0000000004
083a63468f3a63468f3a63468f04
09ffdfffff000100000001000002
0500000200000000010000020100
071b4d42d3800000001b4d42d301
080768f343800000008768f34301
01fffdffff3a49d9c3c5b4263c02
0700080000000800000008000004
0800000001000000010000000104
05a5ce261d558ca7faf04281e702
0045bfaed00000800045c02ed000
0080000000000000038000000302
0700000000000000800000000003
01f48ec0200000000ff48ec01102
01ffffefffffffefff0000000004
05fdffffff00000008fdfffff702
020e8da8d2000001ff0000000000
06000040003a70dda30000080003
04c4687254ffdfffff0000000103
06faeb32ca000000031f5d665902
011fdae4e5010000001edae4e500
01ffffffffffffffff0000000004
003db2b2c392530ed2d005c19501
08000000010c237b960c237b9703
03000000ff000000ff0000000004
0300000001daf5bbc30000000001
080007ffff0007ffff0007ffff04
0180000000dfffffffa000000103
027fffffff6c41526dffffe00000
05f5a68388f7ffffff02597c7703
04fffffffbfffffffb0000000004
06c1d7bd21c1d7bd2160ebde9004
06090a26fdc0924c890004851301
086f437f1d000000006f437f1d00
09fffff7fffffffffffffff7ff03
0000000000000000000000000004
0869bde98069bde98069bde98004
0900000002000000020000000204
02f99410ba7fffffff0000000002
08200000008f130f31af130f3101
07000007ff00004000000007ff03
0800000001000000010000000104
0700008000b5e0b3a70000010001
0580000000000002008000020002
0900004000a600ba090000000001
0710000000100000001000000004
0410000000d93a03520000000101
03c9bd9bfbc9bd9bfb0000000004
0380000000800000000000000004
0200004000b51ff2ae1000000001
018712bc2b0fffffff7712bc2c02
0300000400000004000000000004
01800000000007ffff7ff8000102
0800000001fffff7fffffff7ff01
07fffffbff00000000fffffbff02
0180000000efffffff9000000103
038bfabe17000040000000000102
07efffffff2b2c8895ffffff7f02
0001000000000000000100000000
08003fffff007fffff007fffff03
0000000040000000400000008004
081b3e3d1b0c4625951f7e3d9f00
00003fffff000000400040003f00
0083962b1d0000000083962b1d02
089dfc0385d00198ffddfd9bff03
0500000000000000000000000004
053318a04e3318a04e0000000004
08fffffffe01000000fffffffe02
047fffffff813ef0930000000101
034c5748fe71eb14d60000000103
063fffffff3fffffff0000000004
06a1705d2480000000a1705d2400
0985677e0e0003ffff00037e0e02
040007ffff0007ffff0000000004
06fdfffffffffffeff0000000103
090000001f000100000000000003
0900003fff000000000000000000
070833cf2a00000002020cf3ca00
077fffffff7fffffff0000000004
007fffffff7ffffffffffffffe04
01ffffffff000ffffffff0000002
0800000007000000070000000704
001ad4621fb8005dd8d2d4bff701
01000010000000000100000fff00
09559ad3770c940ac60490024600
0900000080000000800000008004
0800000000000000010000000103
0870435ef680000000f0435ef601
01668d1763080000005e8d176300
01ffffffff41a0cf54be5f30ab02
06c3b4b81810e4a778000000c302
07ffffffff73180225ffffffff02
0600000000121fc0bd0000000003
04007ffffffffffffd0000000101
05643647fc643647fc0000000004
08fdffffff03ffffffffffffff02
0745367a36eca2429b0000000801
0700000001bfffffff0000000001
01ffffffffffffffff0000000004
047b6a17ad7fffffff0000000103
010000000108000000f800000103
0380000000ffffffff0000000103
02ffefffff52967e7cf000000002
01e53f6b22e53f6b220000000004
08000000ff00000001000000ff00
0400000001ffffffff0000000101
0500000040000000400000000004
037fffffff7fffffff0000000004
05fac30741fac307410000000004
04fbffffff000000010000000002
02fffffeff00010000fffffeff02
084a73419680000000ca73419601
037fffffff7fffffff0000000004
0920000000000800000000000000
02ffffffffbff5c8dcf000000000
0901000000b06110cd0000000001
071d69851ffffff7ff0000000001
0883591dc083591dc083591dc004
05ffff7fffffffff7f0000808003
09efffffff999d41fb899d41fb00
01bf993160bf9931600000000004
01fffffffbfffffffb0000000004
020000ffff1ae1987ec000000003
09b5f610486cfc81c124f4004002
048eeb3a948eeb3a940000000004
0880000000fff7fffffff7ffff03
0100000020595c16eaa6a3e93603
03000200007fffffff0000000103
075006cf053fffffff0000000000
0413378b7513378b750000000004
0500020000fe4d7b49fe4f7b4901
0000000002000000100000001203
015ca5ce4d200000003ca5ce4d00
08aa7bdb2100000001aa7bdb2102
097fffffffffffffff7fffffff01
02ffffffffffffffff8000000004
08fdffffff00000001fdffffff02
08ea94a75d7fffffffffffffff02
04562c0f4d000000010000000000
0500001000040000000400100003
0800000001fffffff7fffffff701
0900001000fffffeff0000100001
03fffffffffffbffff0000000000
0900003fff00003fff00003fff04
0600080000001000000008000003
0803ffffffa1fc5a06a3ffffff01
03ffffdfff000000020000000102
050fffffff800000008fffffff01
040007ffff0007ffff0000000004
047fffffff007fffff0000000000
00ffffffff22df005822df005702
025f35c7d533ba3f4e71f5400000
0100000003fffffbff0000040401
0500010000e2aa2d94e2ab2d9401
0000020000fbfffffffc01ffff01
0321398eba000200000000000000
06efffffffefffffff0000000104
03ffffffbfffffffbf0000000004
02000000047fffffff0000000003
03ffffffbf9f736edd0000000000
017fffffffe2c28b119d3d74ee01
06dfffffff2fd245f2000037ff02
08ffffbffff7ffffffffffffff00
071616a8d800000007002c2d5100
02ffffff7f00000007ffffbf8002
00b577d16b04e59712ba5d687d02
05ffffffffffffffff0000000004
08000000080bc287050bc2870d03
08000000016c9c4a936c9c4a9303
01dc5d9a4700000001dc5d9a4602
06ff2866c3e5482db100007f9400
062cdc24152cdc24150000016604
01c4d49cdb402a396c84aa636f02
08715a9a2100000400715a9e2100
04fffffffffd913a080000000000
00b819706ab819706a7032e0d404
000124ced77603a7577728762e03
005406f2ac69c7a8ddbdce9b8903
0800400000004000000040000004
08000001007fffffff7fffffff03
01000000010000b945ffff46bc03
09894d8c430000001f0000000302
02fff7fffffff7ffff8000000004
060fffffffff7fffff0000000001
06bb71a0d15eb4b75400000bb702
05fffefffffffeffff0000000004
00000000010000007f0000008003
09f30ed34ecc28fed1c008d24000
03fffdfffff1eb246d0000000000
087fffffff7fffffff7fffffff04
06000001ff63ac3db10000000003
05dcbe676259ec00a3855267c102
04fffff7fffffffffb0000000103
02ed071d2c00000100ed071d2c02
075d1dc7b31d4b4274000005d100
04fff7ffff07ffffff0000000002
07ffff7ffffdffffffffffffff00
07623812d931d847b10000311c00
022e91a95d2e91a95da000000004
02dfffffffdfffffff8000000004
07f34629a440000000f34629a402
07fdfffffffdffffffffffffff04
0000000400ee0977f2ee097bf201
070000001f963d6d940000000001
047fffffffffff7fff0000000101
077fffffff400000007fffffff00
06f1e4b959f1e4b9590000007804
09000001ff0fffffff000001ff03
02001fffff00000002007ffffc00
057fffffff810a99a0fef5665f01
0000000001000000010000000204
05abcde59afffeffff54331a6503
04000000007c75efa20000000103
0680000000d8212eae0002000003
0900001fff00001fff00001fff04
06feffffff00000000feffffff02
050000007ff226e8c9f226e8b601
0600010000100000000001000003
0410000000da972b200000000101
03f7ffffff0fb413fa0000000102
0900000000000000000000000004
05ffffffdfffffffdf0000000004
06a81ed8bfa81ed8bf0000000104
0200000040080000000000004003
02bff327f4003fffff0000000002
000ffffffffb4a18e50b4a18e401
07dfffffffdfffffffffffffff04
09000fffff07ffffff000fffff03
07ffffffffa42bb229ffffffff00
0600000080000020000000008003
08dccf41b57ec1cf31fecfcfb502
027fffffff7fffffff8000000004
01ffffefff00000004ffffeffb02
08ffff7fffc55d725effff7fff00
01bfe26364000000ffbfe2626502
061090dce37fffffff0000000003
0800004000000040000000400004
09ffffefffffffbfffffffafff00
0780000000ffffffffffffffff03
027fffffff00001fff8000000000
01000008000000001f000007e100
043cbb1f6a000000010000000000
010c1911791fffffffec19117a03
076319eaa96319eaa900318cf504
067f234aef3f7f2fd80000007f00
02f9bf4cc5efffffff8000000000
090000001f000000000000000000
03fffdfffffffdffff0000000004
077fffffff7fffffff0000000004
099fe52860dfffffff9fe5286003
01fffdffff000007fffffdf80002
0300080000000800000000000004
08ffffffff00080000ffffffff02
05fffffffbfffffffb0000000004
0800000200efffffffefffffff01
0200000400fffffbff0000000001
0501000000000000010100000100
051000000003ffffff13ffffff00
0500000000b2c2e93cb2c2e93c01
090003fffffeffffff0003ffff01
0684623e100000000084623e1002
047fffffff0000ffff0000000000
020000003f0000003f8000000004
06000001ff40000000000001ff03
0000ffffffc6690f30c7690f2f01
0000000020000000200000004004
0980000000800000008000000004
0000000000ffffffffffffffff01
0100000080ffffffdf000000a101
0080000000000000008000000002
030000000822df1e2d0000000103
0100000001000007fffffff80203
08000007ffffbfffffffbfffff01
070000008010b4aed00000000003
05ffdfffffc90589ca36da763500
0700000001000000010000000004
0100007fff98ddca356722b5ca01
0594c032fe94c032fe0000000004
03bc41cb72100000000000000102
010000001f000000010000001e00
09fffffffdf5afbb39f5afbb3900
02aa5864b700008000aa5864b702
03f0547c2cf0547c2c0000000004
06ffffffffffffffff0000000104
01000004003f4e58e4c0b1ab1c03
01ffffefffffffefff0000000004
08020000000fffffff0fffffff03
00942bbe1116b7feaeaae3bcbf02
04ffffffff000000000000000002
0461dc6cabf261f70e0000000101
0500000ffff5a5791cf5a576e301
070000001f0000001f0000000004
02fffffdffbfffffff8000000000
098000000014b908e40000000002
0082dcb57b82dcb57b05b96af604
000001ffff00000100000200ff00
01ffffffffa0b3ca5d5f4c35a200
0900400000fbffffff0040000001
02b9183521003fffff8000000002
0400000007488255b40000000103
02fffffdff3f842247fffeff8002
03002000000000007f0000000000
05e245287400000200e2452a7402
062eb89e52020000002eb89e5200
05bb060fde0000007fbb060fa102
0951adfcbf51adfcbf51adfcbf04
00cd0bcd5cdd6ab542aa76829e03
06fffbffff28c25cfc0000000f02
04003fffff0fffffff0000000103
0800008000efffffffefffffff01
0280000000000200008000000002
0400000007000000ff0000000103
0273b7b110ff7fffff0000000001
01000007ffbfffffff4000080001
03ffffffdf000004000000000102
03e81a09deefffffff0000000103
08fe4ef1a4a4c01523fecef5a700
06b9708c06b9708c0602e5c23004
06000007ff000007ff0000000004
00000001ff537208b053720aaf03
01a2bfd25300000000a2bfd25302
0500000001000000010000000004
0300ffffff0000003f0000000000
06289c67a0b68a87d6000000a201
09feffffff000000ff000000ff02
0700001000ffffffff0000000001
06fffffffd80000000fffffffd00
00ffdfffff800000007fdfffff00
0666fcfafa0000080066fcfafa00
005f0138b01830c3187731fbc800
01ffffffff000ffffffff0000002
047fffffff7fffffff0000000004
0903ffffff008000000080000000
005b6378a2000000005b6378a200
0980000000000020000000000002
0000000002000000800000008203
08b497ba7cb497ba7cb497ba7c04
0000020000a0877c6fa0897c6f01
044d57d9c3ffffbfff0000000101
05001fffff00000080001fff7f00
067fffffffffffffff0000000001
0880000000000080008000800002
03003fffff7f0256020000000103
073f11343c000000003f11343c00
041fffffff07ffffff0000000000
09ffffffff1fffffff1fffffff02
0000040000010000000104000003
00ffdfffff7fffffff7fdffffe02
0800000002000000020000000204
09ffffffff0007ffff0007ffff02
07bb510bd700004000bb510bd702
01ffff7ffffffdffff0001800000
0520000000fffffffddffffffd01
08529222663fdbb1b37fdbb3f700
08cee42fffcee42fffcee42fff04
0500003fff61375dac6137625303
0000000001dcdeac80dcdeac8101
04a9ce7ca2040000000000000002
03000000400fffffff0000000103
017fffffff000100007ffeffff00
0300200000ffdfffff0000000001
04664b9dc600001fff0000000000
01676a4725676a47250000000004
053fffffff3fffffff0000000004
02814a7145814a7145294e28a004
007fffffff37216ffab7216ff900
032000000000003fff0000000000
03170e5327000000010000000000
078000000077df2f03f000000002
09ffffffffffffffffffffffff04
0200000001000000010000000204
04ed183868000400000000000002
0000100000f163898df173898d01
0603ffffff0004000003ffffff00
05000000000f74cc1a0f74cc1a03
077fffffff7fffffff0000000004
055a539f8d5a539f8d0000000004
0100000001000000010000000004
04fffffefff7ffffff0000000000
047fffffffa7eedbbc0000000101
0800000001000000010000000104
0000000002000000020000000404
0701000000f0d7ad5f0000000001
09ffffefff10a7fc0310a7ec0302
0900000800fffff7ff0000000001
027fffffff000004007fffffff00
0200001fff0040000000001fff03
0904000000000000010000000000
09e325d305fffffeffe325d20503
01fffffffb0000007fffffff7c02
00fffeffff000003ffffff03fe02
04ff265cee000000010000000002
003fffffff00003fff40003ffe00
07ffffffefffffffefffffffff04
03ffffffefffffffef0000000004
09fffffffbfffffffbfffffffb04
06ffdfffff00080000ffdfffff02
0100000000000000000000000004
030000020000ffffff0000000103
0800000001000000000000000100
0000001fff00001fff00003ffe04
0218f9997c003fffff0000000000
0300000001fffffffe0000000001
077ffffffff45511207fffffff01
047af34cfb7af34cfb0000000004
017ffffffffbffffff8400000001
02003ffffff90e4616ffc0000001
07ffffffefffffffefffffffff04
03583fe5fb583fe5fb0000000004
08ffffdfff0003ffffffffffff02
08c3057cd600000000c3057cd602
011bb61d107fffffff9bb61d1103
05800000007fffffffffffffff02
043fffffff4458e3c70000000103
091c6f89b4fffbffff1c6b89b401
01000002007fffffff8000020103
0000080000f7fffffff807ffff01
02c9b3e3103f4f7be7d9f1880002
017fffffff7fffffff0000000004
05000000017fffffff7ffffffe03
06c8adc860c8adc860c8adc86004
00fffffefffffffefffffffdfe04
03fffbffffd32f899d0000000000
09ffffffbff7fffffff7ffffbf00
06e81edf3100000001740f6f9802
0307ffffff07ffffff0000000004
05fff7ffff40000000bff7ffff02
0907ffffff07ffffff07ffffff04
0200000080000000800000008004
0500002000000020000000000004
09ffffff7f000004000000040002
0800040000000400000004000004
084ee2560e0000000f4ee2560f00
029d84f8fc001fffff0000000002
0900800000ffffffff0080000001
09fdffffff019baca7019baca702
052171e43f002000002151e43f00
03ffbffffff88e676a0000000000
0499cbd76c800000000000000000
02fbfffffffbffffff8000000004
0100000200aa823cab557dc55501
08a5be4d4aa5be4d4aa5be4d4a04
05000000045679ad175679ad1303
05ffffffff613e6d379ec192c802
01dfffffff00080000dff7ffff02
0709687a670fffffff0000000003
013c52a4a23c52a4a20000000004
024daf3830ffffffff0000000001
0200200000ffff7fff0000000001
030001ffff6e19b58f0000000103
01ffffefffffffefff0000000004
037fffffff6caecc8e0000000000
017fffffff71bf07930e40f86c00
0691640e6c00000fff0000000102
00624fd598ffffefff624fc59701
0200000000ffffff7f0000000001
067fffffff7306fdc700ffffff00
0834002ad10000000034002ad100
0000000000000008000000080003
0600002000004000000000200003
042fc369dafffffbff0000000101
0800000fff00000fff00000fff04
01d876c8b8d876c8b80000000004
014e8b327d4e8b327d0000000004
08000001000007ffff0007ffff03
0000400000000000080040000800
040003ffffefffffff0000000101
0639492ed57bb4e04f0000729203
0980000000800000008000000004
08012a01232234b9c9233eb9eb03
0700002000000020000000200004
041b3beb367fffffff0000000103
05ffffffdf25f07a35da0f85ea02
0004000000008000000480000000
05ba99bbac00000020ba99bb8c02
05014a8dbff87f862ff9350b9001
04efffffff9b28d0d80000000000
02ffffffffffffffff8000000004
0533d920bb0000010033d921bb00
04007fffff007fffff0000000004
0600001fff0000400000001fff03
09fbfffffffffffffffbffffff03
04fdffffff000000000000000002
0890e12bcd0000000090e12bcd02
0880000000000003ff800003ff02
09e64afa7e3ce53b0a24403a0a02
0640000000ffffdfff0000000001
0100000001000000000000000100
00ffffffffffffbfffffffbffe00
030cb2ef649101ce560000000001
0700007fff00007fff0000000004
0119de26910008000019d6269100
027fffffff00000004fffffff000
0604000000ffffefff0000000001
06566af98bbd482ac9002b357c01
03efffffffefffffff0000000004
01004d1bf100000007004d1bea00
08ffffffffffffffffffffffff04
08ffffffbfffffffbfffffffbf04
001ea5fe923927f0fc57cdef8e03
077c8f0f5cffffffdf0000000001
0500000001080000000800000103
038e273050f40f21620000000103
06fffffffbffffffff0000000103
00f7ffffffdfc35e6ed7c35e6d00
0400040000000400000000000004
0252f1328a00000fff0000000000
05a22b5b57ffffffff5dd4a4a803
0900001fffffffbfff00001fff01
02c204c5f147048755be20000002
0008000000000000030800000300
0532e7c86a0010000032f7c86a00
05ffbfffff00000040ffbfffbf02
0953e4288e53e4288e53e4288e04
0790030a7f90030a7fffffffff04
058d64113201ffffff8c9beecd02
023c86df693c86df690dbed20004
00f95f525efffffffff95f525d03
0700000001df56c07f0000000001
0800001fff00001fff00001fff04
027fffffff00ffffff8000000000
076173283f6c84f082185cca0f03
08fffdffff3c920ab2ffffffff02
0700003fffcc8045cf0000000001
0480000000ffdfffff0000000103
0945797b35ffffffef45797b2501
000a0c158c165e859b206a9b2703
06ed672d4afffdffff0000000103
0924148f8624148f8624148f8604
0800000000000fffff000fffff03
09fffffffefffffffefffffffe04
040000007f000000000000000000
00ffffff7f00000001ffffff8002
0400020000ffffffff0000000101
08e99d5e4700000001e99d5e4702
07000fffff00004000000fffff00
047fffffffffffbfff0000000101
08000000010000003f0000003f03
00000000ff000000ff000001fe04
00fffffffdfff7fffffff7fffc00
01810dbcad070df30a79ffc9a302
05ffffffffffffffff0000000004
05f7fffffffffffeff0800010003
0600004000000040000000400004
0804000000040000000400000004
00f13d280167e6177359233f7402
04a8abcdda000000070000000002
00000003ff00040000000403ff03
03859941f17fffffff0000000102
01ffffffffffffffff0000000004
059894c6899894c6890000000004
0900000080254447230000000003
09bdfb8b5d100000001000000002
00fffffbffbfffffffbffffbfe00
0600010000000000010000800000
008000000000ffffff80ffffff02
02bc138bbd0003ffff8000000002
0600010000000100000001000004
04ffffff7f7fffffff0000000002
0821d8eb07ec166a19eddeeb1f01
0080000000d09fc9c3509fc9c303
03d6e19eafaadd10b70000000000
05000000ffffffffefffffff1001
01b0e28a0800000040b0e289c802
02ffffbfffffffbfff8000000004
07800000007fffffffffffffff02
067ffffffff48af3a8007fffff01
0100020000000200000000000004
0680000000ffffffff0000000103
0700000001fbffffff0000000001
03cc15a5ffcc15a5ff0000000004
03ffdfffffca9521d90000000000
08acb7c01438a03b02bcb7fb1602
08ffffdfff00002000ffffffff02
0200000100feffffff0000000001
01000007ff5338db35acc72cca03
0500000001b9934cd3b9934cd201
04fffbffff0ad4adce0000000002
03e4eca997e4eca9970000000004
020000000fffffbfff8000000001
059c015c7a9c015c7a0000000004
035af1d0b7ffffbfff0000000001
0795635fccff7fffffffffffff03
08fffffffb80000000fffffffb00
0500001fff0000003f00001fc000
06ffffefffffffefff0000000104
03fffffffffffdffff0000000000
06813151b101c485660204c54602
07ffffefff96c09150ffffffff00
02711ceac3711ceac388e7561804
0700000080ffffffff0000000001
00ffffffdfffffffdfffffffbe04
01040000000000002003ffffe000
03e0116aa6000002000000000102
0000000008000000030000000b00
0000100000001000000020000004
09ffffffff008000000080000002
0411784fbc00ffffff0000000000
050000007f000000080000007700
04ffffffffb86554b80000000000
0100000000000000000000000004
0400008000000000000000000000
01d113d454b6a9f9ad1a69daa700
067fffffff000000407fffffff00
028f3bf14a8f3bf14aefc5280004
03004000002fe212790000000103
076ebebd92010000006ebebd9200
016aeb19026aeb19020000000004
080fffffff0fffffff0fffffff04
062f77997a00003fff0000000000
09fffbfffffffbfffffffbffff04
0200000004562774940040000003
016cfb65596cfb65590000000004
03ffffffff8c7581b60000000000
04000000ff2e6f26f30000000103
0000001000fffeffffffff0fff01
00d3f6881202000000d5f6881202
0532efcb2f00800000326fcb2f00
02feffffff0000000fffff800002
0500000800cb736e9ecb73669e01
00cdde0402c839a4709617a87200
097ffffffffffeffff7ffeffff01
0300000001fffffbff0000000001
08ad5057d6ad5057d6ad5057d604
0800000100ffefffffffefffff01
07ffefffff5faaecd8ffffffff02
014787c5550001ffff4785c55600
06ffffdfff0000000701ffffbf02
020000000060842ee10000000003
0400001fff050ff4f00000000103
088b0d8735ffffffffffffffff03
0080000000000800008008000002
0580000000000000018000000102
0002000000020000000400000004
04fffff7fffffff7ff0000000004
00ffffff7fffffff7ffffffefe04
063c41e75c000800003c41e75c00
06950a0b30fbffffff0000000103
0500008000000000010000800100
09269812a507ffffff069812a500
0100004000fffffdff0000420101
00ffffdfff0000007fffffe07e02
0700000000080000000000000003
0604000000000000070008000000
008f10a1d2ffff7fff8f1021d103
05ffffffffffffffff0000000004
0700000000000000000000000004
09001ffffffffdffff001dffff01
033fa657653fa657650000000004
0200000040000000800000004003
0500200000bd2f99b3bd0f99b301
09000000070dc938e60000000603
0600000001800000000000000101
00ffefffffef737bc2ef637bc100
087fffffff7fffffff7fffffff04
0603ffffff03ffffff0000000004
031fe3e6e4000000ff0000000000
03fff7ffff9ec9adbd0000000000
053fa8939c3fa8939c0000000004
0421edfc907fffffff0000000103
00710ab21580000000f10ab21501
03000100006c37a3350000000103
08bb408928ffffffffffffffff03
00ffffffbf800000007fffffbf00
09fffffbfffffffbfffffffbff04
006524f4d7000000016524f4d800
00fffffffd0800000007fffffd02
01000000ff00080000fff800ff03
00ffffffdfffffffffffffffde03
0804000000000000ff040000ff00
07924c6455924c6455fffffc9204
04cf9e9d680007ffff0000000002
02fffffff7f5cb872efffdc00000
01fefffffffeffffff0000000004
03ffffffff400000000000000102
099b30f5f7000000030000000302
05fffdfffffffdffff0000000004
057ffffffff4af08cf8b50f73001
022911b7c8f3f39a4fdbe4000001
00baee6dbaf1dfa80facce15c903
087fffffff80000000ffffffff01
00ab87fe3aab87fe3a570ffc7404
09fff7fffffff7fffffff7ffff04
0000000001000000010000000204
0779dca219ffefffff0000000001
00fbfffffffbfffffff7fffffe04
0400080000000800000000000004
0500000010000000100000000004
07efcb37a0cc608c08ffefcb3700
02fffffefffffffeff8000000004
010b7c8c890b7c8c890000000004
02fffff7ff00000800fffff7ff02
00989b7fc100000004989b7fc502
0904000000000080000000000000
04007fffffffffffff0000000101
03ffffffbf001fffff0000000102
014222091cffffffef4222092d01
02ffff7fff00080000ffff7fff02
05fffffffb800000007ffffffb00
0000020000ebfb7657ebfd765701
05ffdfffffb6e99918493666e700
0600000400000200000000040003
0582f7d63a7ffffffffd0829c502
07cacbaf06fffffffeffffffff03
01000080002c1bad9ed3e4d26203
058a4dccb68a4dccb60000000004
010008000077b82092884fdf6e03
0300000001000003ff0000000103
01ffffffffffffffff0000000004
05ffbfffff7fffffff8040000002
0980000000e63de7918000000003
06cca7a17bfffbffff0000000103
075309690be86ce9c05309690b01
07fe3ca29500000001ff1e514a02
013fffffff04451c5d3bbae3a200
0800200000000000800020008000
02ffffffffffffffff8000000004
04000000ff003fffff0000000103
060000003fefffffff0000000001
0900010000000100000001000004
0000000000fffffffbfffffffb01
070fffffff0fffffff0000000004
03fffffff7511aa1a70000000102
0400000fff9f1b87890000000101
0000000001000000080000000903
0400007ffffffffffd0000000101
08f231c366f231c366f231c36604
0900000010000000010000000000
047fffffffffffffef0000000101
00fffffffffffffffffffffffe04
002acb5afb2acb5afb5596b5f604
09ffffefff3fffffff3fffefff02
0000000000ffffffffffffffff01
0708835ec2629b0d300000088303
09ffefffff3be6d5ea3be6d5ea02
01ffefffffdac970bd25268f4200
00ffffffbf00ffffff00ffffbe02
0200200000002000000020000004
0300001000f83a53880000000001
0800000001000000010000000104
04088dc16800b986430000000000
07ffffffdf239b8e6cffffffff02
0200000008ffffffff0000000001
0700000000000000800000000003
04ffffffff003fffff0000000002
00fdffffff00080000fe07ffff02
06ffffffffffffffff0000000104
01afa38216afa382160000000004
002304a21f07ffffff2b04a21e00
0900000ffff256673c0000073c01
09fff7ffff400000004000000002
07e27bfbae7ccfd554fffffe2702
010000ffff000000000000ffff00
037fffffff020000000000000000
09012dd578ffffffff012dd57801
0794785702000100009478570202
0912cd06bb3f0251b0120000b003
04fffdffff3f947ead0000000002
07ffffffffffffffffffffffff04
0300000008020000000000000103
04f366187cf366187c0000000004
044edf69f81177f4440000000000
05ffffffdf35bd27c1ca42d81e02
03efffffff0fffffff0000000102
02000fffffc431aef0ffff000001
0600000001000000010000000004
02fefffffffeffffff8000000004
0603ffffff0001000003ffffff00
0302000000004000000000000000
03a4cde8e807ef8dea0000000102
0500400000004000000000000004
000000ffffffffffbf0000ffbe01
060020000003ffffff0000000003
052349418e557322dd763a635303
0000ffffff00ffffff01fffffe04
00ffdfffff00010000ffe0ffff02
049b527dee2d10b6240000000002
0940000000ffffbfff4000000001
030001ffff55519ef80000000103
0700000007ce4aafcc0000000001
037fffffff7fffffff0000000004
0642a7072f0080000042a7072f00
00ffffffef000400000003ffef02
0980000000000000010000000002
09db4dd643db4dd643db4dd64304
020001ffffb3929039fe00000001
0200040000080000000004000003
0500000001fffffffffffffffe01
080000000258387cb658387cb603
02080000004b3177060000000003
0200000004040000000000000403
06000000000000003f0000000003
05fffffefffffffeff0000000004
04083640eb083640eb0000000004
01fffbfffffffffffffffc000003
0640000000ffffffff0000000001
05feffffff60946b3d9e6b94c202
0240f05c30feffffff0000000001
02ee2bb0320007ffff0000000002
04feffffff9fecd9270000000000
08fffffffdfffffffdfffffffd04
0480000000800000000000000004
0000010000107e4ef5107f4ef503
0400000004dfffffff0000000101
0704000000343d65550000002003
0209a1a0faffffffbf0000000001
037fffffff0000ffff0000000000
0402000000020000000000000004
01184f8f316baae102aca4ae2f03
035d0b4e7b5d0b4e7b0000000004
00ffffffff000200000001ffff02
06ffefffff00000080ffefffff02
0400000000000080000000000103
09f474c5a8bea1d016b420c00000
0300007fff000003ff0000000000
0900000001e41a2ea90000000101
09004000001d6868d50040000003
04ffffffff00007fff0000000002
044e56602f000000010000000000
0004000000800000008400000001
0480000000800000000000000004
057fffffff7fffffff0000000004
021fffffff1fffffff8000000004
0600000004010e567e0000000003
095c061edd5c061edd5c061edd04
0740000000b944685c0000000401
00000007ff000007ff00000ffe04
03d75419ab000000070000000102
0947e01f5ffffeffff47e01f5f01
0100100000001000000000000004
06511ead32fffffffd0000000201
077a1f459f9a71dcb7000000f401
0600001000000010000000100004
0300000080c13b63260000000001
08c0f427f000000007c0f427f702
06fdffffff000000031fbfffff02
0300000100ffefffff0000000001
05fffffdfffffffdff0000000004
09000002007fffffff0000020003
02000001ff817084eb000ff80001
0600bd828c00bd828c00000bd804
017fffffff7fffffff0000000004
04000000000000007f0000000103
05ffffffffffefffff0010000000
02e188b66280000000e188b66200
06d8307c895042266506c183e402
0680000000800000008000000004
00310c3c1d00000040310c3c5d00
02ffffffffffffffff8000000004
01fc15ac53e30158061914544d00
04fffffffffff7ffff0000000000
03d6f8eed88fa1d4fb0000000000
09fb14f4edffffffbffb14f4ad03
09ffffffbf0007ffff0007ffbf02
086f709f833fffffff7fffffff00
00a0fa8bc1a0fa8bc141f5178204
01ffefffffffefffff0000000004
0000000002ffffffff0000000101
05d9e88355d9e883550000000004
0108000000800000008800000001
09001fffff800000000000000001
0276a7789276a77892e248000004
02feffffffbc762eebfffff80000
0800008000000010000000900000
048fde5717ffdfffff0000000103
0500000000004000000040000003
00b01cf4b6ffff7fffb01c74b503
01fffffffd7fffffff7ffffffe02
0600000000efffffff0000000001
0900000100e9b953270000010001
09eab0903d46c91cb14280103102
0100000002000000020000000004
067fffffff7fffffff0000000004
086d7d49feffffffffffffffff01
087f3dfa1d7f3dfa1d7f3dfa1d04
04fffffdff334215470000000002
08000400000000000f0004000f00
0580000000000000008000000002
027fffffffffffffff8000000001
03fffffffefeffffff0000000000
03a916f92c000001000000000102
03f2a5cb27080000000000000102
04fffefffffffeffff0000000004
0800000040ffffff7fffffff7f01
04fffffffe7fffffff0000000002
054d5994084d5994080000000004
07b634a54900000008ffb634a502
030bcc7961800000000000000001
075be85dd6ede18b6c0005be8501
057fffffff0000001f7fffffe000
04000fffff5ecb6cd40000000103
0600002000000000020000080000
07fefffffffeffffffffffffff04
02ffffffbffffffeff8000000000
050f7d035d0f7d035d0000000004
000003ffff0003ffff0007fffe04
0600000040800000000000004001
0300000001800000000000000001
0763d36141fbffffff0000000001
013fffffff000010003fffefff00
0000000007ffffffff0000000601
01555a85a100040000555685a100
02000000017fffffff8000000003
09ffbfffff800000008000000000
00b62120f2b62120f26c4241e404
0138cd3632000fffff38bd363300
0500000001000000200000002103
0680000000000000808000000002
04fffffffe000000000000000002
06000007ff000003ff0000000000
0100003fff0000200000001fff00
0600000fff003fffff0000000003
094c29afb792cdcba000098ba001
0738d74f360000000038d74f3600
0600002000000020000000200004
07000003ff5e8f74300000000003
0700000000875ae06b0000000001
0600004000000040000000400004
01fbffffff0094d075fb6b2f8a02
0916ece342ffefffff16ece34201
05c368a74d0fffffffcc9758b202
0046473f0e9de03d4be4277c5901
06aba9a44faba9a44f0001575304
03fffffff700001fff0000000102
01ffff7fffffff7fff0000000004
02998bf596998bf5966580000004
09d57897a2400000004000000002
04b27018e800007fff0000000002
0294b4276dff7fffff8000000003
0900000100000001000000010004
064add5e35dfffffff0000000001
064cd81d9800007fff0000000000
09a5699c56ffffffefa5699c4603
050007ffff7aa37f817aa4807e03
02978b913680000000978b913600
030000ffffdfffffff0000000001
01ffefffff00000000ffefffff02
07203b3fbefd668923040767f701
06b746cbd87fffffff0000000102
090166eb18000010000000000000
08fff7fffffffffffeffffffff03
087fffffffffefffffffffffff01
050400000000000fff04000fff00
03000004001e293fda0000000103
01ffffffffffffffff0000000004
040003fffffd5b1f860000000101
0800100000001000000010000004
081e51df9b0003ffff1e53ffff00
075c4d67d20007ffff0000000000
07fff7ffffffffffbfffffffff03
04c67d0c2b00000fff0000000002
07fffdffff0000001fffffffff02
0395c2dc8b800000000000000000
0480000000800000000000000004
0600000040ffffffff0000000001
06fdfffffffdffffff0000000104
057b292fa0000000107b292fb000
05ffffffdf7fffffff8000002002
02c35eb5639a4a24f3ab18000000
06f7fffffff7ffffff0000000104
01b512cca5fff7ffffb51acca603
0500000000000000000000000004
0300000001000000010000000004
00bff83edfbff83edf7ff07dbe04
0700000000000000000000000004
05f03b99b1cd963ec53dada77400
0040c4bb880000008040c4bc0800
01004000007845b46287fa4b9e03
060400000000000fff0000000000
04e4c5e135000004000000000002
04007fffff007fffff0000000004
0100000200000002000000000004
09ffffffff5ca3cbd95ca3cbd902
085af2a0f9fffffefffffffeff01
07fffffff7ffffdfffffffffff00
0900000040020000000000000003
0400000100000000400000000000
0900000000000000000000000004
06fffffffffffdffff0000000100
08737c45ac62db605573ff65fd00
080000003fffffffffffffffff01
066a0b61c5dc9a3d790000003501
02270fc3947fffffff0000000003
0910dc241010dc241010dc241004
0304000000000000200000000000
073ab6c9ed7fffffff0000000003
03ffc58f1cffffefff0000000103
06008000006fed96e30010000003
03fffffffb800000000000000000
0600004000000000ff0000000000
08d9f23fb9d9f23fb9d9f23fb904
07f57b7e77feffffffffffffff03
0900800000000400000000000000
0600010000d543adce0000000401
040000000101ffffff0000000103
04f7ffffff5a6232fc0000000002
0434297190c5e69ec40000000101
05032e7973fffffffffcd1868c01
020b59bd5f0b59bd5f8000000004
020000001f56e43b0700000f8003
070000001ffffffff70000000001
08ffffffff226db59cffffffff02
00000000073fffffff4000000603
080000007f082d1843082d187f03
00f7ffffff33aa077d2baa077c02
0509c07ea30000000409c07ea700
0580000000800000000000000004
0800000001000000010000000104
0000040000cedefc48cee2fc4801
04f7ffffff000200000000000002
0700001fffbe9d57660000007f01
0504000000000000020400000200
037fffffff00007fff0000000000
020003ffff080000000003ffff03
093a547f94ffffffff3a547f9401
05ffffff7fd741fa3928be054600
0451e5d86edecb41b60000000101
040000001f000000010000000000
0580000000000000088000000802
0200000001000fffff8000000003
00ffffdfffffffdfffffffbffe04
00fffefffffffffffffffefffe03
09a3c1b037a3c1b037a3c1b03704
02ffffffff78238b69fffffe0002
06bf196d797fffffff0000000102
022f7d38162f7d38160580000004
07e35584e540000000e35584e502
0566504595000010006650559500
0600001fffffff7fff0000000001
0300000001800000000000000001
040e6b85790e6b85790000000004
0303ffffff2c369ee90000000103
0690f7bb73fffffffd0000000403
004ab4d4f94ab4d4f99569a9f204
0787dfa9da00000fffffffffff02
03fdd8a6ca4be69cdd0000000102
080000002003ffffff03ffffff03
0737af9202ff1bd1ac00037af901
0800004000800000008000400001
070000000050168fdd0000000003
0000000200000002000000040004
0080000000d2d6272752d6272703
0000000000000080000000800003
03800000007fffffff0000000102
0800010000fffffffdfffffffd01
05ffdfffffffdfffff0000000004
06007fffff007fffff0000000004
04855a9643000000040000000002
043fffffff3fffffff0000000004
010fffffff0fffffff0000000004
06000003ff000003ff0000000004
06001fffffcf972a7e0000000001
05fffefffffff7ffff0009000000
013b892865dfffffff5b89286601
0402000000020000000000000004
098e5a68d18e5a68d18e5a68d104
070d6bf727988add48000d6bf701
03efffffff8f93a38d0000000000
0600000080000000800000008004
05ed11452f00002000ed11652f02
0936ad3c9d000000010000000100
0400000800ffffffff0000000101
09fffffefffffffefffffffeff04
00fffffdfffffdfffffffdfdfe00
0247a9e9f02000000047a9e9f000
0080000000000000018000000102
04003ffffffffeffff0000000101
0308000000a9e3408c0000000001
08000003ff96d4758196d477ff01
0700bd1ff200bd1ff20000002f04
08376b69f1376b69f1376b69f104
00eddd8f9c800000006ddd8f9c00
0710000000800000001000000001
0780000000800000008000000004
06fbffffffbcfa29db0000001f00
05113e968f00000001113e968e00
0400000000000000000000000004
01ffffffffffbfffff0040000000
04c7198b2ac7198b2a0000000004
01d791b9c2d791b9c20000000004
060003ffff04e530340000000003
07000001000941e93d0000000003
0600000001000000010000000004
08fc44a0ae00000008fc44a0ae02
01fbffffff00001000fbffefff02
05fffffffb0007fffffff8000402
0837a3e45f37a3e45f37a3e45f04
067fffffff003fffff0000000000
04200000000000003f0000000000
0800000001993a5234993a523501
06fffffffe00100000fffffffe02
0808d74b3508d74b3508d74b3504
02ff7fffff8d353d7ec000000000
04b8c07c61fffffff70000000103
0202000000fffdffff0000000001
097695fec3000000000000000000
014cf8f3ed4cf8f3ed0000000004
01ffffffff08000000f7ffffff02
0700000004ffffffff0000000001
024bcc68595ac05baf342c800003
030b6b2aa700001fff0000000000
02efffffff0000ffff8000000002
0400000100000010000000000103
00fffffffffffffffffffffffe04
04fffffffb0224a1360000000002
0500020000c07260c4c07060c401
0200003ffffac1c6a6000fffc001
000003ffffffffffbf0003ffbe01
0800000fff0000000000000fff00
01fecb74d300000080fecb745302
090a82df55f7ffffff0282df5501
0800001000000010000000100004
0258193cca0100000058193cca00
07213dd5eb213dd5eb000427ba04
0800000000000000000000000004
07ffefffff84907f30ffffffef00
09ffffffff040cf4e4040cf4e402
03b90e76d9b90e76d90000000004
031d69c0561d69c0560000000004
0100000020000000010000001f00
0500000001ffffffefffffffee01
0400000080a8f71fe00000000101
0200000001f7ffffff8000000001
0593c45c870000000493c45c8302
0000000000000000000000000004
0000020000200000002002000003
090db65c8192bffb2b00b6580101
00dffffffffdffffffddfffffe03
001516ed37fffffffb1516ed3201
05fffffffb3fffffffc000000402
04e98cf08cfc65c7450000000103
071555a2e0153162c9000aaad100
07a8d8342907ffffffffffffff02
095e395b53fd29017a5c29015201
0100000080dfffffff2000008101
0001ffffffccfe738ecefe738d01
0462a5210c004000000000000000
0319d8bb1219d8bb120000000004
01ffbfffffffbfffff0000000004
048e135dcacc30b0c40000000103
020001ffff5300ac8b0ffff80003
02042d9520fffff7ff0000000001
0600007fffffefffff0000000001
0100000001000000010000000004
0900001fff00001fff00001fff04
0480da873280da87320000000004
00dcac79addcac79adb958f35a04
0803ffffff03ffffff03ffffff04
0800000400000004000000040004
0300007fff000000000000000000
0908000000fbffffff0800000001
0400000004000000800000000103
03a97f0385a97f03850000000004
00fffff7ffb4bdb77eb4bdaf7d00
00100000005aecd1ed6aecd1ed03
037fffffff000000010000000000
041f77a22effffffff0000000101
0300000800000001ff0000000000
0068cb5dd0fffffffd68cb5dcd01
060200000091715bb90000000101
0100000020c502fe543afd01cc01
0900400000ffefffff0040000001
0700020000dfffffff0000000001
06bfffffff00020000bfffffff02
03c71946c00000ffff0000000102
0800001fffce64d193ce64dfff01
050000000007b44dee07b44dee03
0900020000ffbfffff0002000001
068fa85bf89ec6b3ff0000000103
0620000000200000002000000004
0403154052800000000000000101
0800020000ffffffffffffffff01
07800000003cbf47fbfffffff002
099ef87ba03fffffff1ef87ba002
071485065cffffffff0000000001
0600200000000001000020000000
08a74bfbec00400000a74bfbec02
02800000007fffffff0000000002
0619c952fc19c952fc0000000104
07225de4a9000000040225de4a00
0100007fff10000000f0007fff03
080000003f000800000008003f03
050001ffff000000000001ffff00
098ce945b1000000070000000102
06ff7fffffbfffffff0000000100
010023a8847fffffff8023a88503
0700000200000000000000020000
01000fffff7fffffff8010000003
08662dc4833770e960777dede300
050007ffff7fffffff7ff8000003
0300080000719219cd0000000103
00fffffdfffffffdfffffffbfe04
07dc8df16cca8c8ff3fffffb9100
0300008000000080000000000004
097fffffff00007fff00007fff00
0100010000fffeffff0002000101
09fdffffff400000004000000002
05f7fffffff7ffffff0000000004
05db33946fdb33946f0000000004
0900001000000010000000100004
0201000000bea9013a0000000001
000000001f0000001f0000003e04
0900000800000000000000000000
00ffffff7fffffff7ffffffefe04
0140146565401465650000000004
060000007f0000007f0000000004
07868c41bbfb077971ffffc34603
0300000007d1a9ec9f0000000001
0600000001faee34f10000000001
0280000000ffffffbf0000000003
043fffffff131540010000000000
0000000001000000010000000204
0276fc183976fc18397200000004
0471e4398671e439860000000004
06980785ad980785ad0004c03c04
01ffffffdfffffffdf0000000004
06000fffff80000000000fffff01
0600000000000000400000000003
0100000020397df129c6820ef703
0000000200a699e774a699e97401
0700000800000008000000080004
068c796c108c796c1000008c7904
02f1406baf00000007a035d78002
0000000000000000000000000004
0980000000d071346e8000000003
0100001000800000008000100001
062cd24be40fffffff0000000000
08ffffffffccd79697ffffffff00
057fffffff00007fff7fff800000
0110000000ffffffef1000001101
052c0610920000000f2c06109d00
0801ffffff42e6e7a843ffffff03
00fffdfffffffdfffffffbfffe04
020a86a52a0a86a52a1a94a80004
0500000000000000000000000004
0700000001ffffffff0000000001
0980000000ffffffdf8000000003
0000000001000000010000000204
090000100000007fff0000100003
0900000000000000000000000004
0269b97ab9ffdfffff8000000001
0540643ac440643ac40000000004
07011be80700000001008df40300
0310000000ff7fffff0000000001
07fbfffffffbffffffffffffff04
0300000000001000000000000103
0780000000008000008000000002
0500001fff40b3cf9840b3d06703
06ffffffdf7895ffb00000ffff02
08fffffffbf922a8feffffffff00
0300000000800000000000000001
07000fffff5689d33a0000000003
057fffffffffffff7f8000008001
0400000000003fffff0000000103
0400000000ffffbfff0000000101
0400000040000000400000000004
0000000001800000008000000101
0300000007ffffbfff0000000001
080003ffffdfffffffdfffffff01
06e51af9cc0000003f0000000102
01fffffbffe32c53e51cd3a81a00
0289dfa02b89dfa02bfd01580004
040001ffff0001ffff0000000004
081fffffff1fffffff1fffffff04
0600400000e0f120ec0000040001
02003fffff6c7ecc0afffffc0003
02da1d229200800000da1d229202
02ffffffdf02000000ffffffdf02
06cb3f5b9cffff7fff0000000103
02fffefffffffbffff8000000000
06237ec305237ec305011bf61804
090003ffff0003ffff0003ffff04
0500001fff0087a5e00087ba1f03
0224fe77825d0136c63f9de08003
080000000f000000400000004f03
0200008000bfffffff0000000001
06ffffffdfffffffdf0000000104
0888039cbf8000000088039cbf00
0400400000000000010000000000
060692f7d1e3226ec300d25efa01
09759358d4759358d4759358d404
03c0b54d89c0b54d890000000004
04e8658b9a7fffffff0000000002
010000100000400000ffc0100003
0100000100ffffffff0000010101
0992e7df3245ac43f400a4433002
09ffffdfffffffdfffffffdfff04
000c8e9cd00ba62cc61834c99600
0100010000000000040000fffc00
03a530541ba530541b0000000004
00d4b5e54a01000000d5b5e54a02
0200001000000010000000100004
08b51fe3c1ffffbfffffffffff03
0200000003040000000000000303
05aa7371b7dfffffff758c8e4803
0300001000000010000000000004
037fffffff920306ef0000000001
098bd274c2004000000040000002
0351626c9251626c920000000004
03fdffffff000000010000000102
07ffffffef01ffffffffffffff02
08fffeffff0fffffffffffffff02
0300000020fbffffff0000000001
033c94ca83000000010000000000
09d1fef5b93e9bee1d109ae41902
0308000000fffffeff0000000001
09000007ffd3372ffb000007fb01
050001ffff020000000201ffff03
047fffffff7fffffff0000000004
0903ffffff7771de960371de9603
07fffbfffffffbffffffffffff04
05000000401fe11b0d1fe11b4d03
07fffffbff00000001fffffdff02
024961ecec0000000192c3d9d800
017fffffff7fffffff0000000004
06ffffffbf6735f69300001fff02
03b318e59effffffff0000000103
0776540fcbfbffffff0000000001
070000003f7fffffff0000000003
06003fffff003fffff0000000004
0800000003831b398f831b398f01
0800000007000000070000000704
09ffffdfffffffffffffffdfff03
08800000002daf6a81adaf6a8102
064bce64904bce649000004bce04
02b3b79e27ffffffff8000000003
035598e87beaaa40f60000000001
08c3df4e7f80000000c3df4e7f00
00000001fffffffff7000001f601
09bfffffffbf4fce91bf4fce9100
04bfffffff000100000000000002
09ed8ab90aed8ab90aed8ab90a04
0380000000ffffbfff0000000103
037e672f4a5bc4ab7e0000000000
03575ab5cbf7ffffff0000000001
01b7a500cf00000001b7a500ce02
096777a7952023f24d2023a20500
091fffffff7934a5fd1934a5fd03
090edbeef80edbeef80edbeef804
070000002000ffffff0000000003
03ffffffff000020000000000102
000e2bdb3ca48f89dcb2bb651801
0900000200002000000000000003
000003ffff3fffffff4003fffe03
07000000015295c2210000000003
0380000000559f3cc20000000102
00fffdffff6aa89dfd6aa69dfc02
04ffffffff000200000000000002
0600004000ffbfffff0000000001
06fffffeffabce140507fffff700
03ff7fffff000000010000000102
0600000200002000000000020003
0500000001000000010000000004
00fffffffffffffffbfffffffa00
0346c3867c7b86f8920000000103
03399d055f154ca4610000000000
072f5c0af5f719fc2b0005eb8101
0400000001bba2856f0000000101
02fffffeffbfffffff8000000000
06dfffffff02000000dfffffff02
037fffffffece906310000000001
0300000fff19f9a89f0000000103
06fffff7fffffffffb0000001f03
01fffffbff000000fffffffb0002
09ffff7fff000000ff000000ff02
0500000004000000010000000500
014df4b5b44df4b5b40000000004
02821cee93ff7fffff8000000003
0380000000800000000000000004
08bfffffffbfffffffbfffffff04
0200040000000400000004000004
069ed55fa74fe81a190000004f02
0680000000fffffbff0000000103
0100000000fdffffff0200000101
0180000000800000000000000004
03400000002f923e420000000000
0200000001ffffffdf8000000001
010000000000040000fffc000003
0400008000ffffff7f0000000101
0700000001000004000000000103
0100010000000100000000000004
06ffffffff3fffffff0000000102
03f2af30c000ffffff0000000102
06b61deaf480000000b61deaf400
0900080000000000400000000000
0500000001000000010000000004
09003fffff7fffffff003fffff03
077fffffffd587f596000001ff01
0979d5144879d5144879d5144804
0900100000000004000000000000
0500008000000080000000000004
05b2ea4cd200000000b2ea4cd202
00c9f086aac9f086aa93e10d5404
01ffffefff00000004ffffeffb02
02c7b6545bbc271dc21ed9516c00
058e7b60a00774c979890fa9d902
0800000001000000010000000104
0600001000000010000000100004
0510000000100000000000000004
0700000400c056d86e0000000001
032f7a08dcffffbfff0000000001
09ffffdfff010000000100000002
0200003ffffb6343a30001fff801
0100000001000000000000000100
080000003f000000020000003f00
010007ffffffffffff0008000001
0700000000ffffffff0000000001
027afe7e47e084ff507e47000001
037fffffff43f0e8730000000000
05ffffffef000003fffffffc1002
0100020000000200000000000004
012b449279b398575d77ac3b1c01
0900010000001fffff0001000003
08b2184b1576f031acf6f87bbd02
06ffdfffff00400000ffdfffff02
08000000ff90100ce190100cff01
09efbaa24879f866be69b8220802
02ffff7fffffbfffff8000000000
0150fc29fddcb80030744429cd01
0400000001ffffffff0000000101
00d2703acf007fffffd2f03ace02
0080e4be9280e4be9201c97d2404
013988c799000000003988c79900
0077b4d1c00000800077b551c000
0554a8dd33067ed63a52d60b0900
0868811c5efffbfffffffbffff01
0301ffffff00000fff0000000000
0700000020800000000000002001
0994a01a4094a01a4094a01a4004
0006dacab20000000006dacab200
04b79283e6b79283e60000000004
04b7f8c58bb7f8c58b0000000004
0976ea866476ea866476ea866404
006e6e2e2affffffff6e6e2e2901
01000100007fffffff8001000103
030803a3d246844ef90000000103
087655fed02d5d269b7f5dfedb00
00196065e500001fff196085e400
06fffeffff81d68b95000007ff00
07feffffffffffff7fffffffff03
0500007fff000003ff00007c0000
0000003fff3fffffff40003ffe03
084b04cdacffffffffffffffff01
09d272ce44d272ce44d272ce4404
0431dd3de431dd3de40000000004
0700007fff0002000000007fff03
04080000009d0b28cc0000000101
013113422d3113422d0000000004
092d5034c3000000100000000000
01ffffffff00000001fffffffe02
027fffffff7fffffff8000000004
00544979bc544979bca892f37804
01dd5aa03fff7fffffdddaa04003
080001ffff0001ffff0001ffff04
0478a2ae1000ffffff0000000000
090b6fc8ddbfffffff0b6fc8dd01
061ffffffffffbffff0000000001
0500000001ffefffffffeffffe01
0000000200000000020000020200
01ff8d454397b9d87367d36cd000
01b73063797fffffff3730637a02
06ffffffdfffffffdf0000000104
0700080000000000000008000000
07dc01248800000000dc01248802
0580000000ffffffbf7fffffbf03
047fffffff200000000000000000
0999641e637fffffff19641e6302
0700594915000000000059491500
08149fd7e1149fd7e1149fd7e104
04702b2d3d702b2d3d0000000004
09fffffffb00003fff00003ffb02
0900200000fffffffb0020000001
09ffffffffffffffffffffffff04
03fdfffffffdffffff0000000004
08fffffffefffffffefffffffe04
091b1b973a800000000000000001
03fdffffffffffffff0000000103
06d474b690000001ff0000000102
0600000080000000800000008004
038269dac7472d490e0000000102
0300000001000000010000000004
097d4952577fffffff7d49525703
00cb18dd36675fa26832787f9e02
057fffffff7fffffff0000000004
052c0bd47f00001fff2c0bcb8000
063f95746c3f95746c0003f95704
070001ffff800000000001ffff01
090ce7514b000001000000010000
080000003f0000003f0000003f04
0300000080000000800000000004
071026ff3b1026ff3b0000000204
0400000008ffffff7f0000000101
00dc37f81f7fffffff5c37f81e02
06007fffff001fffff0000000000
067ef52281efffffff0000000001
0280000000800000008000000004
02ffffbfffffffbfff8000000004
08417847ae417847ae417847ae04
037fffffff000000800000000000
027fffffff7fffffff8000000004
0300000400000004000000000004
01f7d9bc4f00000001f7d9bc4e02
04e1faeb2b1fffffff0000000002
07a7dce5cc00ffffffffffffff02
0500000001bc1352b2bc1352b301
0700080000000800000008000004
06fbffffff00080000fbffffff02
05f3f86eabf3f86eab0000000004
00143c59196edb19b0831772c903
030003fffffffffeff0000000001
0000000004ffffffff0000000301
00d84cd748d84cd748b099ae9004
02fffffdfffffffdff8000000004
020e041dcf9e09d19ec000000001
0585e4f7568000000005e4f75600
0180000000800000000000000004
02003fffff003fffff8000000004
0400000001ffffdfff0000000101
0100007fff9ff7c26d6008bd9201
0981ee72913fffffff01ee729102
04003ffffffdffffff0000000101
04fffeffffd94908740000000000
0603ffffff03ffffff0000000004
0100000000000000000000000004
085eb779d95eb779d95eb779d904
08045e40ab045e40ab045e40ab04
01fffffdff00000001fffffdfe02
01def0972a1c2b9daac2c4f98002
000e3ca896000000010e3ca89700
0020000000200000004000000004
08660e06ef660e06ef660e06ef04
0080000000800000000000000004
02000000001489da2c0000000003
0600000000000000000000000004
0100000200000002000000000004
050000003f000010000000103f03
05fffffffe838eb4487c714bb600
0281f082c2ffffffff0000000003
030000000f1d6e10000000000103
027fffffff03409dd9fe00000000
01eeebc1a3eeebc1a30000000004
02003fffff73bf92e507ffffe003
06b39187c3d01bbade0000000203
0651d21a9d0007ffff0000000000
06002000007fffffff0000000003
02033d42880fffffff0000000003
027fffffff7fffffff8000000004
0900000001000000010000000104
05fffffeffc157959d3ea86b6200
0084e03bbe84e03bbe09c0777c04
050003ffff000000010003fffe00
050fffffff0fffffff0000000004
0973dcfbe773dcfbe773dcfbe704
04f1659020000040000000000002
0580000000800000000000000004
0700000200000002000000020004
0700000200000002000000020004
02fea164b700001fff8000000002
09efffffff57fda62147fda62102
03d116712c010000000000000102
073cd2130dd987b8820f3484c301
04000000078e79948e0000000101
09a3e5f798fffffeffa3e5f69803
081cac68601cac68601cac686004
0700080000611a98840000800003
00e785a35ae785a35acf0b46b404
057fffffff000010007fffefff00
04007fffff43e749cc0000000103
02ffffffff00010000ffffffff02
00fffffff7e0bf3b4ce0bf3b4300
0410000000100000000000000004
02dfffffff0000001f8000000002
0300000008fe491c330000000001
02eda1699eeda1699e8000000004
05fa7e8a8a14dd86d5eea30c5f02
05f7fffffff7ffffff0000000004
07ffffff7fffffff7fffffffff04
04ffffffbf7fffffff0000000002
08ffffffffffbfffffffffffff00
032defb93e000000000000000000
074ec4785201817d2404ec478500
05fffffffff2b521190d4adee600
04e0abcae7000000010000000002
0163ca09212000000043ca092100
00ffffffef000000400000002f02
00593241e1593241e1b26483c204
097e41678851aa1e665000060000
06010000005b69d0510000008003
06ffffffffffffffff0000000104
000003ffff0003ffff0007fffe04
0200000020000000200000002004
087e90d02efffffbfffffffbff01
01ffffffef2ba0f4e3d45f0b0c02
00f04f9f9bf04f9f9be09f3f3604
09fbfffffffbfffffffbffffff04
08fae2ce04fae2ce04fae2ce0404
0703ffffff0000000101ffffff00
0700000001000000000000000100
0080000000800000000000000004
02008000007fffffff0000000003
0600000010000000100000000004
005a6633993e52146698b847ff00
05000007ff000007ff0000000004
0410000000964fcf9d0000000101
04ffffffffdfffffff0000000000
03fffffeff0001ffff0000000102
0402000000020000000000000004
04800000003f272c0a0000000002
06ffffffffffffffff0000000104
0680000000cf4489e80080000003
02000fffff000fffff8000000004
0200000001330d03130008000003
07d56968ee00000001eab4b47702
08e44eb55b00004000e44ef55b02
0667ac345267ac3452000019eb04
010000000f000000020000000d00
00ffff7fff00000100ffff80ff02
0000020000000200000004000004
0500001fff00001fff0000000004
010003ffff0f78f580f08b0a7f03
03000002001271eaff0000000103
01a09fa9af020000009e9fa9af02
0880000000800000008000000004
072e81ee8c2e81ee8c0002e81e04
04e22107f2e6d0441d0000000103
0400000000040000000000000103
070000000112ac0e5f0000000003
01dd19384efff7ffffdd21384f03
07000fffff000003ff0000000000
0400400000ffffdfff0000000101
03223fc227e0253b270000000001
06ffbfffffe416c08f0001ff7f00
0200000fffffffffef07ff800001
0700000000000008000000000003
020002000050aecd200002000003
050007ffff0000000f0007fff000
09dfffffff03ffffff03ffffff02
01efffffffd5bd841f1a427be000
02fbfffffffbffffff8000000004
017fffffff817a0261fe85fd9e01
0400040000a13c42fa0000000101
0000000008000000000000000800
00fffffffd00007fff00007ffc02
0701000000010000000100000004
00000003ff000003ff000007fe04
087fffffff002000007fffffff00
00f4065a6da738ede19b3f484e00
0100000001ffffffff0000000201
040000ffff800000000000000101
09818ae6167fffffff018ae61602
09a42e6dd167e1c9f3242049d102
030000000f0000000f0000000004
09fdffffff000000000000000002
0980000000800000008000000004
01d302b0a63637a6899ccb0a1d02
000003ffff000000020004000100
091267c322fffffbff1267c32201
0280000000040000008000000002
03fffffff7fffffbff0000000000
020000000faa4ae51cf000000001
0900003fff000000030000000300
0400000001000000010000000004
06f7ffffff000000017bffffff02
00ffffff7fffffff7ffffffefe04
09b9842603fdffffffb984260303
085d3dcfaab4b17ce2fdbdffea01
03000004000000000f0000000000
04fffff7ffffdfffff0000000000
0927a3a38827a3a38827a3a38804
05ff21c01fffffffdf00de3fc003
0300000001000000010000000004
09fffffff7083f1eca083f1ec202
060d6d925c8734084400d6d92501
07fffffffd00000000fffffffd02
05ffdfffff10000000efdfffff02
0180000000040000007c00000002
08b9761b90b9761b90b9761b9004
092a90f21b2a90f21b2a90f21b04
04a2a41e60a2a41e600000000004
010001ffff0001ffff0000000004
0140000000400000000000000004
0910000000100000001000000004
0500000003000000000000000300
076352e2b76352e2b7000000c604
058579e458000000008579e45802
0202000000800000000200000001
09ffbfffffb58e974ab58e974a00
0680000000dff582a70100000003
08ffdfffff00004000ffdfffff02
076657b5f3400000006657b5f300
07909e856f909e856fffff213d04
0300000000000008000000000103
006af1b6bd0237bae26d29719f00
05fffefffffffffffd0001000203
0102000000fffffbff0200040101
03fffffffefffffffe0000000004
05fffdfffffffdffff0000000004
007fffffffbeda000c3eda000b01
02778a7758778a77585800000004
026b79d7f6fffff7ff0000000001
0900000000000000000000000004
0476e0d21e004000000000000000
03000001ff000001ff0000000004
0300000008003fffff0000000103
00ffffbfff00000000ffffbfff02
000000fffffeffffffff00fffe01
030000007f0000007f0000000004
06ea0309143fffffff0000000102
07ffbfffffffbfffffffffffff04
0080000000800000000000000004
08944acba000000000944acba002
070000003fd29e0e190000000001
01b3a0f642bd754abaf62bab8803
05ffdfffffffffffff0020000003
01fffffffeffffffbf0000003f00
05b3fd66b37fffffffcc02994c02
07fffffbff80000000fffffbff00
0300000001000000010000000004
0942168bcc86bcb7d7021483c401
097fffffff100000001000000000
08003fffff00100000003fffff00
0900000001000000400000000003
097fffffff83d8f8ab03d8f8ab01
00acd7ee40acd7ee4059afdc8004
06fbffffff00000400fbffffff02
046b78551a6b78551a0000000004
068f66c3a63d1de4808f66c3a602
080000000429582b7c29582b7c03
01ffffdfff7fffffff7fffe00002
060000000788d281a40000000001
0600000000fffffdff0000000001
0500002000ffffffffffffdfff01
02000007ffd9c2877afc00000001
047fffffff020000000000000000
024839a2644839a264839a264004
050dc151717fffffff723eae8e03
0700080000800000000008000001
0980000000a086af878000000003
06ffbfffffffbfffff0000000104
010000003f0000003f0000000004
062253ba83ffffffff0000000001
01c5af5b5400000000c5af5b5402
08000007fffdfffffffdffffff01
02ffefffff885b35a3ff7ffff800
047a81f2585dd274bb0000000000
0446a743c2000000030000000000
014000000098f65c35a709a3cb01
00a6232114447e48f9eaa16a0d02
05fffffffffeffffff0100000000
057fffffff7fffffff0000000004
06c8594859c85948590000006404
000000003fffffffff0000003e01
00ceb2d8ebceb2d8eb9d65b1d604
073525cc85400000003525cc8503
0320000000436baf7b0000000103
015d7fbf4f001fffff5d5fbf5000
09262a10bc000000000000000000
028d1192918d1192912522000004
0700000001f7ffffff0000000001
0660e142640000000060e1426400
09a6376b6effffffefa6376b6e03
080003ffffffffdfffffffffff01
05ffffffdffffffff70000002803
09f7bbcf86f7bbcf86f7bbcf8604
02a09b4bfe00000001413697fc02
06b040df84f4a2c2a22c1037e103
048bdd949044b8aea80000000002
00ffff7fff00000001ffff800002
06ff7fffff00008000ff7fffff02
01725ebbd1561e656c1c40566500
0590c75d0900001fff90c742f602
0700001000000000010000080000
022259bf8e7fffffff0000000003
0200ffffff000000040ffffff000
012db613fafffdffff2db813fb01
08ffffffffbfffffffffffffff00
05d0252efbd0252efb0000000004
07eb94a21444e364f0ffffeb9402
07003fffff00020000003fffff00
0300000000000000000000000004
06ffffdfff000000ff0000000102
06ffffff7fe31c464507fffffb00
07ffffffbf0000003fffffffff02
0203ffffff9e5bbcccfffff00001
027b7cedc7fdffffff8000000001
09fffffffee8006968e800696800
000400000007ffffff0bffffff03
08ffffffffffffffffffffffff04
06964651cc00000400964651cc02
00d821a2ae00001fffd821c2ad02
09046cb14bf8d2ab880040a10801
0300000003000000010000000000
069f8c31099f8c3109004fc61804
026bd0dfe742d5f9fb3800000000
08ff7fffffffffffffffffffff03
02000003fff8e9b7690007fe0001
07007fffffd8643a3a0000000001
02fffffeffffffffbf8000000003
08000000204dfed2084dfed22803
0500004000000040000000000004
022a45924e00001fff0000000000
002c4c4d3a4d77643b79c3b17503
05c591d507ffffffff3a6e2af803
01ffffffff00000080ffffff7f02
051aafa1a5998d1d518322bcf401
0435d3b51a07ffffff0000000000
01ffffffff6537a14e9ac85eb102
0998d3839c98d3839c98d3839c04
0800000001000000400000004103
02e5dc8e0280000000e5dc8e0200
05ffffffffffffff7f0000008000
0638903633ffffdfff0000000001
08f8955837fffffefffffffeff03
0400000000bb2f94750000000101
048768b14ee201ffa10000000103
043e9b8e80040000000000000000
03e13ed7fcffdfffff0000000103
07eed12e94fff7ffffffffffff03
004c18f94ffffeffff4c17f94e01
04dc8262147fffffff0000000002
05fffdffffffffffff0002000003
01bb558085fdffffffbd55808603
09230946961fffffff0309469600
0600000002000002000000000203
05fffbffff000000fffffbff0002
010000080010000000f000080003
09fdffffff65a8cbb965a8cbb902
03007fffffffffefff0000000001
0365fa18e33b323c8c0000000000
081e36f3ecffffffffffffffff01
0203ffffff0080000003ffffff00
00ffbfffffefffffffefbffffe00
06f06e3a33000000031e0dc74602
09b27b2a3afffffffdb27b2a3803
032000000002e1a9560000000000
01fe839b2800100000fe739b2802
06fff7ffffffffffff0000000103
0900001000fffdffff0000100001
0038b3cb8e0000040038b3cf8e00
067fffffff9a10a574000007ff01
08d8b592f60000007fd8b592ff02
08e75e3b7800000001e75e3b7902
0900400000000000080000000000
01ffffefff000fffffffeff00002
05f021010df021010d0000000004
07fffffeff20000000fffffeff02
0345132aaf7d2c87840000000103
090000007f0000007f0000007f04
06000000010fffffff0000000003
06000ffffffffffffb0000000001
00000100007fffffff8000ffff03
0617728887000007ff0000000000
0000007fff252302312523823003
097fffffff7fffffff7fffffff04
08ffffefff80000000ffffefff00
0200000000ffffffff0000000001
04e7e3e077e7e3e0770000000004
08000001ff000001ff000001ff04
0702000000000008000200000000
03fffffffe2cc852b40000000102
0095cb9f76e6dad8357ca677ab03
0280000000800000008000000004
0010000000000080001000800000
0700000001008000000000000103
06ef6662f6ef6662f6000003bd04
01fffffffdfffffffd0000000004
04fefffffffeffffff0000000004
0600000004000000000000000400
06475fa1ff10000000475fa1ff00
097fffffffffffff7f7fffff7f01
08cf7abf313f701dd2ff7abff302
09000007ff71c6dbcb000003cb03
06fffff7fffffbffff0000000100
06fbfffffffbffffff0000000104
0720000000000007ff0000000000
092cf4f922ffffffff2cf4f92201
09ffffffff7fffffff7fffffff02
010000ffff0000800000007fff00
090003ffff000000020000000200
055c25d8437a2cde522609061103
0880000000800000008000000004
0780000000620d2749ffc0000002
005db6f0a3ffffffff5db6f0a201
01000003ff7fffffff8000040003
06c96a9ea5c96a9ea5064b54f504
059ed64a1b9ed64a1b0000000004
03000007ff000007ff0000000004
06db720a094645747f0000000102
03fe0ee6a0f1b301600000000000
037fffffff7fffffff0000000004
097fffffff7fffffff7fffffff04
00000001ff000001ff000003fe04
02193e837c193e837cc000000004
01fffffdfffffffdff0000000004
06fffffff700003fff0000000102
06a5fa846ca5fa846c000a5fa804
00fffffdff00000000fffffdff02
0600001000000000010000080000
04feffffffefffffff0000000000
012425728a2425728a0000000004
01fefffffffeffffff0000000004
04fffffbff0036758c0000000002
0603ffffff000001ff0000000000
013306310f3306310f0000000004
065d22cf9d0000000700ba459f00
05fffff7fffffff7ff0000000004
0440e8b72ad30185270000000101
02000001007e381bf64000000003
010000000058a85f04a757a0fc03
0780000000800000008000000004
0500004000000040000000000004
090000040003ffffff0000040003
058281de728281de720000000004
07fffffffbf0a821d3ffffffff00
0200000800000008000000080004
031532c8d0000000010000000000
0800000400000004000000040004
0400000007000000070000000004
05ffffffffffffefff0000100000
0001000000800000008100000001
009a3f92489a3f9248347f249004
070001fffff4242f4300003fff01
01e9499f3dfeffffffea499f3e03
06fbffffffdfffffff0000000100
007fffffff0000ffff8000fffe00
0398640cff474a2d760000000102
07a1e5f098a1e5f098ffffffa104
091aa93c43fff7ffff1aa13c4301
01ffffdfffffffdfff0000000004
0200000001100000000000000103
0899be8e730000000199be8e7302
0940000000feffffff4000000001
081fffffff1fffffff1fffffff04
049d37329cacdec1380000000103
0608000000080000000800000004
07feffffff460720c9ffff7fff02
05000000401d76f1f81d76f1b803
00000020000867e8420868084203
0600100000c4bb25410008000001
09ffffffbf200000002000000002
05000fffff80000000800fffff01
037ffffffff6d20bf70000000001
0200007fff00001fff8000000000
03383aa57a383aa57a0000000004
0200200000ffffffbf0000000001
07361c6ef600020000361c6ef600
0600020000f300e6230000400001
0503ffffff4680d79e457f286103
070000003f000020000000003f03
0000000000ffffffffffffffff01
09dfffffffdfffffffdfffffff04
02b35cbf327fffffff0000000002
0403ffffff03ffffff0000000004
09f7ffffff000400000004000002
06e6dcd85900000000e6dcd85902
04fffffbff800000000000000000
041fffffff1fffffff0000000004
093b54fd0c3b54fd0c3b54fd0c04
04003fffffc4f237a90000000101
0200000200139f249d0000000003
0502000000000040000200400000
02fe64ec9d00020000fe64ec9d02
0800000001000000000000000100
03ffbfffffffbfffff0000000004
0635652fe2ffffffdf0000000001
05003fffff003fffff0000000004
00f050feb4f050feb4e0a1fd6804
022000000040dc0e5d0000000003
041f5ff35effffffff0000000101
09ffffffffadce7312adce731200
091d00d72dffefffff1d00d72d01
047fffffff5561843b0000000000
0700100000001000000010000004
04e5f1b365921d84510000000000
09fff7fffffff7fffffff7ffff04
021fffffff0000ffff8000000000
066de597ea800000006de597ea01
077fffffff8bf2fb9f0000000001
09ffffffff35094d1435094d1402
00fffffffffffffffffffffffe04
0000000000000000000000000004
09f7fffffff7fffffff7ffffff04
08862845d3683cf97dee3cfdff02
0700000001000000010000000004
04113eed5c113eed5c0000000004
001fffffff1fffffff3ffffffe04
050fffffff0fffffff0000000004
0615460c1e15460c1e0000000004
04fffffffffffff7ff0000000000
0400000001000000000000000000
03ffffffbfffffffbf0000000004
03557d6a6d557d6a6d0000000004
010007ffff0007ffff0000000004
0200000200000002000000020004
0400001ffffdffffff0000000101
02ffffffdf03ffffff8000000002
01e30b312300000400e30b2d2302
07000000000000ffff0000000003
0100000001800000008000000101
097fffffff7fffffff7fffffff04
03ffffffbfffffffbf0000000004
07efffffffefffffffffffffff04
04fdffffff425149940000000002
00ffffffdf00000001ffffffe002
06659a9381ffffffff0000000001
01c582c17c72147245536e4f3702
09fffffdfffffffdfffffffdff04
0900000040ffffffff0000004001
085914fd9e000000045914fd9e00
007ffffffffff7ffff7ff7fffe01
03fff7ffff7fffffff0000000102
01fff7ffff00007ffffff7800002
022b4c7eea274ef402ad31fba800
0108000000263b0d4fe1c4f2b103
0652a2f12afffffffd0000000201
